-- phpMyAdmin SQL Dump
-- version 5.1.1
-- https://www.phpmyadmin.net/
--
-- Host: 127.0.0.1
-- Generation Time: May 29, 2022 at 03:03 PM
-- Server version: 10.4.22-MariaDB
-- PHP Version: 7.4.27

SET SQL_MODE = "NO_AUTO_VALUE_ON_ZERO";
START TRANSACTION;
SET time_zone = "+00:00";


/*!40101 SET @OLD_CHARACTER_SET_CLIENT=@@CHARACTER_SET_CLIENT */;
/*!40101 SET @OLD_CHARACTER_SET_RESULTS=@@CHARACTER_SET_RESULTS */;
/*!40101 SET @OLD_COLLATION_CONNECTION=@@COLLATION_CONNECTION */;
/*!40101 SET NAMES utf8mb4 */;

--
-- Database: `linhkienmaytinh`
--

-- --------------------------------------------------------

--
-- Table structure for table `tbl_admin`
--

CREATE TABLE `tbl_admin` (
  `admin_id` int(10) NOT NULL,
  `admin_name` varchar(80) COLLATE utf8mb4_unicode_ci NOT NULL,
  `admin_gmail` varchar(80) COLLATE utf8mb4_unicode_ci NOT NULL,
  `admin_password` varchar(40) COLLATE utf8mb4_unicode_ci NOT NULL
) ENGINE=InnoDB DEFAULT CHARSET=utf8mb4 COLLATE=utf8mb4_unicode_ci;

--
-- Dumping data for table `tbl_admin`
--

INSERT INTO `tbl_admin` (`admin_id`, `admin_name`, `admin_gmail`, `admin_password`) VALUES
(1, 'Tống Bá Quang Anh', 'tongbaquanganh.uneti@gmail.com', '0d7cfa76c01f2b7b08a569fd8977ddf6'),
(2, 'Quang Anh', 'quanganh.uneti@gmail.com', '0d7cfa76c01f2b7b08a569fd8977ddf6');

-- --------------------------------------------------------

--
-- Table structure for table `tbl_category`
--

CREATE TABLE `tbl_category` (
  `category_id` int(11) NOT NULL,
  `category_name` varchar(80) COLLATE utf8mb4_unicode_ci NOT NULL
) ENGINE=InnoDB DEFAULT CHARSET=utf8mb4 COLLATE=utf8mb4_unicode_ci;

--
-- Dumping data for table `tbl_category`
--

INSERT INTO `tbl_category` (`category_id`, `category_name`) VALUES
(1, 'RAM'),
(2, 'CARD ĐỒ  HỌA'),
(3, 'Ổ CỨNG'),
(4, 'MAINBOARD'),
(5, 'CHIP XỬ LÝ'),
(6, 'LINH KIỆN KHÁC');

-- --------------------------------------------------------

--
-- Table structure for table `tbl_contact`
--

CREATE TABLE `tbl_contact` (
  `contact_id` int(10) NOT NULL,
  `contact_name` varchar(70) COLLATE utf8mb4_unicode_ci NOT NULL,
  `conatct_email` varchar(30) COLLATE utf8mb4_unicode_ci NOT NULL,
  `contact_mess` varchar(255) COLLATE utf8mb4_unicode_ci NOT NULL
) ENGINE=InnoDB DEFAULT CHARSET=utf8mb4 COLLATE=utf8mb4_unicode_ci;

--
-- Dumping data for table `tbl_contact`
--

INSERT INTO `tbl_contact` (`contact_id`, `contact_name`, `conatct_email`, `contact_mess`) VALUES
(1, 'Tống Bá Quang Anh', 'tongbaquanganh2001@gmail.com', 'Đặt hàng sớm linh kiện x5 Card 3060TI NVIDIA'),
(2, 'Đinh Quang Hưng', 'dinhquanghung2001@gmail.com', 'Sản phẩm chip xử lý Core i5 10300H dùng rất tốt'),
(3, 'Chu Đăng Tuấn', 'chudangtuan2001@gmail.com', 'Đặt hàng sớm x10 thanh Ram G.SKILL Aegis 4 GB-DDR4-2666 MHz'),
(4, 'Trương Anh Tuấn', 'truonganhtuan2001@gmail.com', 'Đặt hàng sớm x10 thanh Ram G.SKILL Aegis 4 GB-DDR4-2666 MHz'),
(5, 'Trương Lưu Khánh Linh', 'truongluukhanhlinh@gmail.com', 'Đặt hàng sớm Card đồ hoạ Gigabyte N307TGAMING OC-8GD - 8GB GDDR6 - 256 bit'),
(6, 'Đan Thị Lụa', 'danthilua@gmail.com', 'Đặt hàng sớm Card đồ hoạ Gigabyte N307TGAMING OC-8GD - 8GB GDDR6 - 256 bit'),
(7, 'Nguyễn Thị Hồng Nhật', 'nguyenthihongnhat@gmail.com', 'Đặt hàng sớm Card đồ hoạ Gigabyte N307TGAMING OC-8GD - 8GB GDDR6 - 256 bit'),
(8, 'Trần Lê Minh Tú', 'tranleminhtu@gmail.com', 'Đặt hàng sớm Card đồ hoạ MSI RX 6600 MECH 2X 8G - 8GB GDDR6 - 128 bit'),
(9, 'Lê Văn Trường', 'levantruong@gmail.com', 'Đặt hàng sớm Card đồ hoạ MSI RX 6600 MECH 2X 8G - 8GB GDDR6 - 128 bit'),
(10, 'Lê Văn Trường', 'levantruong@gmail.com', 'Đặt hàng sớm Ố cứng WD SSD 240GB Sata3 Green'),
(11, 'Tống Bá Quang Anh', 'sv.19103100162@uneti.edu.vn', 'Tống Bá Quang Anh');

-- --------------------------------------------------------

--
-- Table structure for table `tbl_diachikh`
--

CREATE TABLE `tbl_diachikh` (
  `khachhang_id` int(10) NOT NULL,
  `hotenkh` varchar(30) COLLATE utf8mb4_unicode_ci NOT NULL,
  `sdtkh` varchar(10) COLLATE utf8mb4_unicode_ci NOT NULL,
  `tinhtp` varchar(30) COLLATE utf8mb4_unicode_ci NOT NULL,
  `quanhuyen` varchar(20) COLLATE utf8mb4_unicode_ci NOT NULL,
  `phuongxa` varchar(20) COLLATE utf8mb4_unicode_ci NOT NULL,
  `diachicuthe` varchar(20) COLLATE utf8mb4_unicode_ci NOT NULL,
  `ptgiao` varchar(10) COLLATE utf8mb4_unicode_ci NOT NULL,
  `ptthanhtoan` int(2) NOT NULL,
  `magg` int(10) NOT NULL,
  `mactv` int(10) NOT NULL,
  `manv` int(10) NOT NULL
) ENGINE=InnoDB DEFAULT CHARSET=utf8mb4 COLLATE=utf8mb4_unicode_ci;

--
-- Dumping data for table `tbl_diachikh`
--

INSERT INTO `tbl_diachikh` (`khachhang_id`, `hotenkh`, `sdtkh`, `tinhtp`, `quanhuyen`, `phuongxa`, `diachicuthe`, `ptgiao`, `ptthanhtoan`, `magg`, `mactv`, `manv`) VALUES
(1, 'Tống Bá Quang Anh', '0334350166', 'Thanh Hóa', 'Thiệu Hóa', 'Thiệu Hòa', 'Thôn Thái Dương', '', 0, 0, 0, 0),
(2, 'Chu Đăng Tuấn', '0123475744', 'Vĩnh Phúc', 'Lập Thạch', 'Đồng Ích', 'Đồng Ích', '', 0, 0, 0, 0),
(3, 'Đinh Quang Hưng', '0123475744', 'Vĩnh Phúc', 'Quang Hà', 'Quang Hà', 'Quang Hà', '', 0, 0, 0, 0),
(4, 'Nguyễn Văn Anh', '0123475744', 'Hà Nội', 'Hoàng Mai', 'Lĩnh Nam', 'Số nhà 4, ngõ 332', '', 0, 0, 0, 0),
(5, 'Dương Văn Ba', '0123475744', 'Hà Nội', 'Hoàng Mai', 'Lĩnh Nam', 'Số nhà 4, ngõ 332', '', 0, 0, 0, 0),
(8, 'Tống Bá Quang Anh', '0334350166', 'Thanh Hóa', 'Thiệu Hóa', 'Thiệu Hòa', 'Thôn 5, Thái Dương', '', 0, 0, 0, 0),
(9, 'Chu Đăng Tuấn VP', '0334350166', 'Vĩnh Phúc', 'Vĩnh Phúc', 'Lập Thạch', 'Xóm Cây Xoài', '', 0, 0, 0, 0),
(10, 'Chu Đăng Tuấn VP', '0334350166', 'Vĩnh Phúc', 'Vĩnh Phúc', 'Lập Thạch', 'Xóm Cây Xoài', '', 0, 0, 0, 0);

-- --------------------------------------------------------

--
-- Table structure for table `tbl_giohang`
--

CREATE TABLE `tbl_giohang` (
  `giohang_id` int(11) NOT NULL,
  `product_id` int(11) NOT NULL,
  `hinhanh` varchar(50) COLLATE utf8mb4_unicode_ci NOT NULL,
  `tensanpham` varchar(100) COLLATE utf8mb4_unicode_ci NOT NULL,
  `soluong` int(11) NOT NULL,
  `giasanpham` varchar(50) COLLATE utf8mb4_unicode_ci NOT NULL
) ENGINE=InnoDB DEFAULT CHARSET=utf8mb4 COLLATE=utf8mb4_unicode_ci;

-- --------------------------------------------------------

--
-- Table structure for table `tbl_homecategory`
--

CREATE TABLE `tbl_homecategory` (
  `homectg_id` int(3) NOT NULL,
  `homectg_name` varchar(60) COLLATE utf8mb4_unicode_ci NOT NULL
) ENGINE=InnoDB DEFAULT CHARSET=utf8mb4 COLLATE=utf8mb4_unicode_ci;

--
-- Dumping data for table `tbl_homecategory`
--

INSERT INTO `tbl_homecategory` (`homectg_id`, `homectg_name`) VALUES
(1, 'HOME'),
(2, 'NEW PRODUCT'),
(3, 'HOT PRODUCT'),
(4, 'SALE PRODUCT'),
(5, 'CONTACT');

-- --------------------------------------------------------

--
-- Table structure for table `tbl_homepro`
--

CREATE TABLE `tbl_homepro` (
  `homepro_id` int(11) NOT NULL,
  `homepro_name` varchar(30) COLLATE utf8mb4_unicode_ci NOT NULL
) ENGINE=InnoDB DEFAULT CHARSET=utf8mb4 COLLATE=utf8mb4_unicode_ci;

--
-- Dumping data for table `tbl_homepro`
--

INSERT INTO `tbl_homepro` (`homepro_id`, `homepro_name`) VALUES
(1, 'SALE PRODUCT'),
(2, 'HOT PRODUCT'),
(3, 'NEW PRODUCT');

-- --------------------------------------------------------

--
-- Table structure for table `tbl_product`
--

CREATE TABLE `tbl_product` (
  `product_id` int(11) NOT NULL,
  `homepro_id` int(3) DEFAULT NULL,
  `category_id` int(11) NOT NULL,
  `product_name` varchar(160) COLLATE utf8mb4_unicode_ci NOT NULL,
  `product_msp` varchar(10) COLLATE utf8mb4_unicode_ci NOT NULL,
  `product_price` varchar(100) COLLATE utf8mb4_unicode_ci NOT NULL,
  `product_bestsale` varchar(100) COLLATE utf8mb4_unicode_ci NOT NULL,
  `product_active` int(11) NOT NULL,
  `product_besthot` int(11) NOT NULL,
  `product_quantity` int(11) NOT NULL,
  `product_img` varchar(50) COLLATE utf8mb4_unicode_ci NOT NULL,
  `product_img1` varchar(50) COLLATE utf8mb4_unicode_ci NOT NULL,
  `product_img2` varchar(50) COLLATE utf8mb4_unicode_ci NOT NULL,
  `product_img3` varchar(50) COLLATE utf8mb4_unicode_ci NOT NULL,
  `product_intro` text COLLATE utf8mb4_unicode_ci NOT NULL,
  `product_info` text COLLATE utf8mb4_unicode_ci NOT NULL
) ENGINE=InnoDB DEFAULT CHARSET=utf8mb4 COLLATE=utf8mb4_unicode_ci;

--
-- Dumping data for table `tbl_product`
--

INSERT INTO `tbl_product` (`product_id`, `homepro_id`, `category_id`, `product_name`, `product_msp`, `product_price`, `product_bestsale`, `product_active`, `product_besthot`, `product_quantity`, `product_img`, `product_img1`, `product_img2`, `product_img3`, `product_intro`, `product_info`) VALUES
(1, 1, 1, 'RAM G.SKILL Ripjaws S5 32 GB-DDR5-5600 MHz', '000001', '899655', '799655', 1, 1, 0, 'r1.jpg', 'r5.jpg', 'r5-1.jpg', 'r7-1.jpg', '<p>\r\n                                    <b>Loại chuột:</b> Chuột GAMING HERA\r\n                                </p>\r\n                                <p>\r\n                                    <b>Kiểu kết nối:</b> USB\r\n                                </p>\r\n                                <p>\r\n                                    <b>Thương hiệu:</b> Asus\r\n                                </p>\r\n                                <p>\r\n                                    <b>Xuất sứ:</b> Trung Quốc\r\n                                </p>\r\n                                <p>\r\n                                    <b>Thời gian bảo hành:</b> 12 tháng\r\n                                </p>', '<p>\r\n                                    <b>Đặc điểm nổi bật: </b>\r\n                                    Đến từ dòng sản phẩm Asus gaming rất được lòng giới đam mê Esport, chuột máy\r\n                                    tính CERBERUS sở hữu thiết kế ấn tượng với những đường cắt xẻ hiện đại, thể\r\n                                    hiện\r\n                                    hiệu năng tốt khi vận hành và đặc biệt là có giá bán phải chăng. Ngoài ra,\r\n                                    công\r\n                                    tắc DPI bốn nấc và đèn LED tiện dụng sẽ khiến bạn hài lòng trong quá trình\r\n                                    trải\r\n                                    nghiệm sản phẩm.\r\n                                </p>\r\n                                <p>\r\n                                    <b>Thiết kế đối xứng, tinh tế và mạnh mẽ: </b>\r\n                                    Không tập trung vào trải nghiệm cho người thuận tay phải như một số dòng\r\n                                    chuột\r\n                                    gaming trên thị trường, Asus CERBERUS được thiết kế cân xứng để đáp ứng linh\r\n                                    hoạt nhu cầu sử dụng của mọi game thủ, dù bạn thuận tay trái hay tay phải.\r\n                                    Mọi\r\n                                    thao tác lia chuột và click trên Asus CERBERUS đều được thực hiện thoải mái,\r\n                                    giúp bạn kiểm soát tốt mọi diễn biến của game đấu.\r\n                                </p>\r\n                                <p>\r\n                                    <b>DPI bốn nấc siêu nhạy, thoải mái phô diễn kỹ năng: </b>\r\n                                    Những người đam mê Esport chắc hẳn đều hiểu được tầm quan trọng của chỉ số\r\n                                    DPI\r\n                                    (độ nhạy chuột) đối với việc thao tác khi chơi game. Ở khía cạnh này, chuột\r\n                                    Asus\r\n                                    CERBERUS có thể đạt chỉ số DPI tối đa lên tới 2.500 đơn vị - cho phép bạn\r\n                                    lia\r\n                                    chuột với tốc độ cực cao để giành thế chủ động trong những tựa game bắn súng\r\n                                    góc\r\n                                    nhìn thứ nhất. Trong trường hợp bạn chuyển sang dòng game moba không quá chú\r\n                                    trọng vào thao tác tay, bạn có thể tùy chỉnh lại DPI phù hợp với bốn mức lựa\r\n                                    chọn khác nhau. Đèn LED chỉ báo màu sắc sẽ cho bạn thấy được mình đang ở mức\r\n                                    DPI\r\n                                    nào.\r\n                                </p>\r\n                                <p>\r\n                                    <b>Kết nối dễ dàng, không cần cài đặt: </b>\r\n                                    Sự tiện lợi của chuột máy tính Asus CERBERUS còn thể hiện ở quy trình tương\r\n                                    tác.\r\n                                    Để sử dụng sản phẩm, bạn chỉ cần thực hiện thao tác cắm đầu kết nối USB\r\n                                    Connector mạ vàng vào cổng tương ứng trên PC/laptop là có thể bắt đầu trải\r\n                                    nghiệm luôn mà không cần cài đặt driver hoặc phần mềm hỗ trợ nào khác. Hệ\r\n                                    điều\r\n                                    hành của PC/laptop sẽ nhận diện chuột tự động và thiết lập để bạn sẵn sàng\r\n                                    sử\r\n                                    dụng\r\n                                </p>'),
(2, 1, 1, 'RAM G.SKILL Aegis 4 GB-DDR4-2666 MHz', '000002', '550000', '495000', 1, 1, 10, 'r5.jpg', 'r7-1.jpg', 'r5-1.jpg', 'r7.jpg', '<p>\r\n                                    <b>Đặc điểm nổi bật: </b>\r\n                                    Tốc độ bus tiêu chuẩn của RAM G.SKILL Aegis Gaming DDR4-2666MHz là 2666MHz, tức là cao hơn khá nhiều so với các đối thủ khác trong phân khúc giá. Điều này sẽ giúp tăng hiệu suất dàn PC của bạn bằng cách tăng lượng truyền mỗi giây. Kết hợp với 4GB dung lượng bộ nhớ và độ trễ chỉ 19-19-19-43, dòng RAM Aegis Gaming sẽ đáp ứng tốt các nhu cầu sử dụng hàng ngày của người dùng như làm việc và chơi game nhẹ. Bộ nhớ DDR4 của sản phẩm cũng được thiết kế để hoạt động với hiệu suất cao nhất khi kết hợp với bộ xử lý Intel Core đa lõi. Nhờ đó, trải nghiệm chơi game hay làm việc sẽ luôn mượt mà nhất.\r\n                                </p>\r\n                                <p>\r\n                                    <b>Chất lượng hàng đầu: </b>\r\n                                    Với mọi sản phẩm đưa ra thị trường, G.SKILL luôn đảm bảo chất lượng cao nhất để không làm thất vọng những người hâm mộ. Đó cũng là lý do khiến thương hiệu có chỗ đứng vững chắc như vậy trong lòng các game thủ. Dòng RAM Aegis Gaming phổ thông cũng không có ngoại lệ. Mặc dù giá bán không cao nhưng RAM G.SKILL Aegis Gaming DDR4-2666MHz vẫn được trang bị vi mạch và IC nhớ chất lượng hàng đầu trong ngành. Tất cả đều được G.SKILL lựa chọn thủ công và thực hiện quy trình kiểm tra nghiêm ngặt trên tất cả các thương hiệu bo mạch chủ hàng đầu. Điều đó cũng đảm bảo dòng RAM này có thể tương thích và hoạt động ổn định với 99% bo mạch chủ hỗ trợ DDR4 trên thị trường.\r\n                                </p>\r\n                                <p>\r\n                                    <b>Hiệu quả năng lượng: </b>\r\n                                    Bên cạnh hiệu suất và chất lượng hàng đầu, RAM G.SKILL Aegis Gaming DDR4-2666MHz còn được thiết kế để hoạt động với yêu cầu điện áp thấp (1,2V ~ 1,35V) ở tiêu chuẩn DDR4. Chính vì thế, dòng RAM Aegis Gaming có thể hoạt động với hiệu suất cao hơn trong khi lại tiêu thụ điện năng thấp hơn tới 20% so với các loại RAM DDR3 trước đây. Điều này sẽ đảm bảo dàn PC của bạn có thể hoạt động nhanh hơn mà lại tiết kiệm điện năng hơn.\r\n                                </p>', '                                <p>\r\n                                    <b>Loại RAM:</b> DDR4\r\n                                </p>\r\n                                <p>\r\n                                    <b>Dung lượng RAM:</b> 4 GB\r\n                                </p>\r\n                                <p>\r\n                                    <b>Tốc độ RAM:</b> 2666 MHz\r\n                                </p>\r\n                                <p>\r\n                                    <b>Xuất sứ:</b> Đài Loan\r\n                                </p>\r\n                                <p>\r\n                                    <b>Thời gian bảo hành:</b> 36 tháng\r\n                                </p>'),
(3, 1, 1, 'RAM CORSAIR Vengeance LPX 16GB (2X8GB) DDR4 2666MHz', '000003', '2050000', '1845000', 1, 1, 10, 'r3.jpg', 'r7-1.jpg', 'r5-1.jpg', 'r7.jpg', '<p>\r\n                                    <b>Đặc điểm nổi bật: </b>\r\n                                    Đến từ dòng sản phẩm Asus gaming rất được lòng giới đam mê Esport, chuột máy\r\n                                    tính CERBERUS sở hữu thiết kế ấn tượng với những đường cắt xẻ hiện đại, thể\r\n                                    hiện\r\n                                    hiệu năng tốt khi vận hành và đặc biệt là có giá bán phải chăng. Ngoài ra,\r\n                                    công\r\n                                    tắc DPI bốn nấc và đèn LED tiện dụng sẽ khiến bạn hài lòng trong quá trình\r\n                                    trải\r\n                                    nghiệm sản phẩm.\r\n                                </p>\r\n                          <p>\r\n                                    <b>Đặc điểm nổi bật: </b>\r\n                                    Tốc độ bus tiêu chuẩn của RAM G.SKILL Aegis Gaming DDR4-2666MHz là 2666MHz, tức là cao hơn khá nhiều so với các đối thủ khác trong phân khúc giá. Điều này sẽ giúp tăng hiệu suất dàn PC của bạn bằng cách tăng lượng truyền mỗi giây. Kết hợp với 4GB dung lượng bộ nhớ và độ trễ chỉ 19-19-19-43, dòng RAM Aegis Gaming sẽ đáp ứng tốt các nhu cầu sử dụng hàng ngày của người dùng như làm việc và chơi game nhẹ. Bộ nhớ DDR4 của sản phẩm cũng được thiết kế để hoạt động với hiệu suất cao nhất khi kết hợp với bộ xử lý Intel Core đa lõi. Nhờ đó, trải nghiệm chơi game hay làm việc sẽ luôn mượt mà nhất.\r\n                                </p>\r\n                                <p>\r\n                                    <b>Chất lượng hàng đầu: </b>\r\n                                    Với mọi sản phẩm đưa ra thị trường, G.SKILL luôn đảm bảo chất lượng cao nhất để không làm thất vọng những người hâm mộ. Đó cũng là lý do khiến thương hiệu có chỗ đứng vững chắc như vậy trong lòng các game thủ. Dòng RAM Aegis Gaming phổ thông cũng không có ngoại lệ. Mặc dù giá bán không cao nhưng RAM G.SKILL Aegis Gaming DDR4-2666MHz vẫn được trang bị vi mạch và IC nhớ chất lượng hàng đầu trong ngành. Tất cả đều được G.SKILL lựa chọn thủ công và thực hiện quy trình kiểm tra nghiêm ngặt trên tất cả các thương hiệu bo mạch chủ hàng đầu. Điều đó cũng đảm bảo dòng RAM này có thể tương thích và hoạt động ổn định với 99% bo mạch chủ hỗ trợ DDR4 trên thị trường.\r\n                                </p>\r\n                                <p>\r\n                                    <b>Hiệu quả năng lượng: </b>\r\n                                    Bên cạnh hiệu suất và chất lượng hàng đầu, RAM G.SKILL Aegis Gaming DDR4-2666MHz còn được thiết kế để hoạt động với yêu cầu điện áp thấp (1,2V ~ 1,35V) ở tiêu chuẩn DDR4. Chính vì thế, dòng RAM Aegis Gaming có thể hoạt động với hiệu suất cao hơn trong khi lại tiêu thụ điện năng thấp hơn tới 20% so với các loại RAM DDR3 trước đây. Điều này sẽ đảm bảo dàn PC của bạn có thể hoạt động nhanh hơn mà lại tiết kiệm điện năng hơn.\r\n                                </p', '                                <p>\r\n                                    <b>Loại RAM:</b> DDR4\r\n                                </p>\r\n                                <p>\r\n                                    <b>Dung lượng RAM:</b> 4 GB\r\n                                </p>\r\n                                <p>\r\n                                    <b>Tốc độ RAM:</b> 2666 MHz\r\n                                </p>\r\n                                <p>\r\n                                    <b>Xuất sứ:</b> Đài Loan\r\n                                </p>\r\n                                <p>\r\n                                    <b>Thời gian bảo hành:</b> 36 tháng\r\n                                </p>'),
(4, 1, 1, 'RAM Kingmax Zeus RGB 8 GB-DDR4-3200 MHz', '000004', '1150000', '1035000', 1, 1, 10, 'r4.jpg', 'r5.jpg', 'r5-1.jpg', 'r7.jpg', '<p>\r\n                                    <b>Đặc điểm nổi bật: </b>\r\n                                    Đến từ dòng sản phẩm Asus gaming rất được lòng giới đam mê Esport, chuột máy\r\n                                    tính CERBERUS sở hữu thiết kế ấn tượng với những đường cắt xẻ hiện đại, thể\r\n                                    hiện\r\n                                    hiệu năng tốt khi vận hành và đặc biệt là có giá bán phải chăng. Ngoài ra,\r\n                                    công\r\n                                    tắc DPI bốn nấc và đèn LED tiện dụng sẽ khiến bạn hài lòng trong quá trình\r\n                                    trải\r\n                                    nghiệm sản phẩm.\r\n                                </p>\r\n                          <p>\r\n                                    <b>Đặc điểm nổi bật: </b>\r\n                                    Tốc độ bus tiêu chuẩn của RAM G.SKILL Aegis Gaming DDR4-2666MHz là 2666MHz, tức là cao hơn khá nhiều so với các đối thủ khác trong phân khúc giá. Điều này sẽ giúp tăng hiệu suất dàn PC của bạn bằng cách tăng lượng truyền mỗi giây. Kết hợp với 4GB dung lượng bộ nhớ và độ trễ chỉ 19-19-19-43, dòng RAM Aegis Gaming sẽ đáp ứng tốt các nhu cầu sử dụng hàng ngày của người dùng như làm việc và chơi game nhẹ. Bộ nhớ DDR4 của sản phẩm cũng được thiết kế để hoạt động với hiệu suất cao nhất khi kết hợp với bộ xử lý Intel Core đa lõi. Nhờ đó, trải nghiệm chơi game hay làm việc sẽ luôn mượt mà nhất.\r\n                                </p>\r\n                                <p>\r\n                                    <b>Chất lượng hàng đầu: </b>\r\n                                    Với mọi sản phẩm đưa ra thị trường, G.SKILL luôn đảm bảo chất lượng cao nhất để không làm thất vọng những người hâm mộ. Đó cũng là lý do khiến thương hiệu có chỗ đứng vững chắc như vậy trong lòng các game thủ. Dòng RAM Aegis Gaming phổ thông cũng không có ngoại lệ. Mặc dù giá bán không cao nhưng RAM G.SKILL Aegis Gaming DDR4-2666MHz vẫn được trang bị vi mạch và IC nhớ chất lượng hàng đầu trong ngành. Tất cả đều được G.SKILL lựa chọn thủ công và thực hiện quy trình kiểm tra nghiêm ngặt trên tất cả các thương hiệu bo mạch chủ hàng đầu. Điều đó cũng đảm bảo dòng RAM này có thể tương thích và hoạt động ổn định với 99% bo mạch chủ hỗ trợ DDR4 trên thị trường.\r\n                                </p>\r\n                                <p>\r\n                                    <b>Hiệu quả năng lượng: </b>\r\n                                    Bên cạnh hiệu suất và chất lượng hàng đầu, RAM G.SKILL Aegis Gaming DDR4-2666MHz còn được thiết kế để hoạt động với yêu cầu điện áp thấp (1,2V ~ 1,35V) ở tiêu chuẩn DDR4. Chính vì thế, dòng RAM Aegis Gaming có thể hoạt động với hiệu suất cao hơn trong khi lại tiêu thụ điện năng thấp hơn tới 20% so với các loại RAM DDR3 trước đây. Điều này sẽ đảm bảo dàn PC của bạn có thể hoạt động nhanh hơn mà lại tiết kiệm điện năng hơn.\r\n                                </p', '<p>\r\n                                    <b>Loại RAM:</b> DDR4\r\n                                </p>\r\n                                <p>\r\n                                    <b>Dung lượng RAM:</b> 4 GB\r\n                                </p>\r\n                                <p>\r\n                                    <b>Tốc độ RAM:</b> 2666 MHz\r\n                                </p>\r\n                                <p>\r\n                                    <b>Xuất sứ:</b> Đài Loan\r\n                                </p>\r\n                                <p>\r\n                                    <b>Thời gian bảo hành:</b> 36 tháng\r\n                                </p>'),
(5, 1, 1, 'RAM ADATA XPG Lancer RGB 32 GB-DDR5-5200 MHz (AX5U5200C3816G-DCLABK )', '000005', '8190000', '7371000', 1, 1, 10, 'r1.jpg', 'r5.jpg', 'r5-1.jpg', 'r7.jpg', '<p>\r\n                                    <b>Đặc điểm nổi bật: </b>\r\n                                    Đến từ dòng sản phẩm Asus gaming rất được lòng giới đam mê Esport, chuột máy\r\n                                    tính CERBERUS sở hữu thiết kế ấn tượng với những đường cắt xẻ hiện đại, thể\r\n                                    hiện\r\n                                    hiệu năng tốt khi vận hành và đặc biệt là có giá bán phải chăng. Ngoài ra,\r\n                                    công\r\n                                    tắc DPI bốn nấc và đèn LED tiện dụng sẽ khiến bạn hài lòng trong quá trình\r\n                                    trải\r\n                                    nghiệm sản phẩm.\r\n                                </p>\r\n                          <p>\r\n                                    <b>Đặc điểm nổi bật: </b>\r\n                                    Tốc độ bus tiêu chuẩn của RAM G.SKILL Aegis Gaming DDR4-2666MHz là 2666MHz, tức là cao hơn khá nhiều so với các đối thủ khác trong phân khúc giá. Điều này sẽ giúp tăng hiệu suất dàn PC của bạn bằng cách tăng lượng truyền mỗi giây. Kết hợp với 4GB dung lượng bộ nhớ và độ trễ chỉ 19-19-19-43, dòng RAM Aegis Gaming sẽ đáp ứng tốt các nhu cầu sử dụng hàng ngày của người dùng như làm việc và chơi game nhẹ. Bộ nhớ DDR4 của sản phẩm cũng được thiết kế để hoạt động với hiệu suất cao nhất khi kết hợp với bộ xử lý Intel Core đa lõi. Nhờ đó, trải nghiệm chơi game hay làm việc sẽ luôn mượt mà nhất.\r\n                                </p>\r\n                                <p>\r\n                                    <b>Chất lượng hàng đầu: </b>\r\n                                    Với mọi sản phẩm đưa ra thị trường, G.SKILL luôn đảm bảo chất lượng cao nhất để không làm thất vọng những người hâm mộ. Đó cũng là lý do khiến thương hiệu có chỗ đứng vững chắc như vậy trong lòng các game thủ. Dòng RAM Aegis Gaming phổ thông cũng không có ngoại lệ. Mặc dù giá bán không cao nhưng RAM G.SKILL Aegis Gaming DDR4-2666MHz vẫn được trang bị vi mạch và IC nhớ chất lượng hàng đầu trong ngành. Tất cả đều được G.SKILL lựa chọn thủ công và thực hiện quy trình kiểm tra nghiêm ngặt trên tất cả các thương hiệu bo mạch chủ hàng đầu. Điều đó cũng đảm bảo dòng RAM này có thể tương thích và hoạt động ổn định với 99% bo mạch chủ hỗ trợ DDR4 trên thị trường.\r\n                                </p>\r\n                                <p>\r\n                                    <b>Hiệu quả năng lượng: </b>\r\n                                    Bên cạnh hiệu suất và chất lượng hàng đầu, RAM G.SKILL Aegis Gaming DDR4-2666MHz còn được thiết kế để hoạt động với yêu cầu điện áp thấp (1,2V ~ 1,35V) ở tiêu chuẩn DDR4. Chính vì thế, dòng RAM Aegis Gaming có thể hoạt động với hiệu suất cao hơn trong khi lại tiêu thụ điện năng thấp hơn tới 20% so với các loại RAM DDR3 trước đây. Điều này sẽ đảm bảo dàn PC của bạn có thể hoạt động nhanh hơn mà lại tiết kiệm điện năng hơn.\r\n                                </p>', '<p>\r\n                                    <b>Loại RAM:</b> DDR4\r\n                                </p>\r\n                                <p>\r\n                                    <b>Dung lượng RAM:</b> 4 GB\r\n                                </p>\r\n                                <p>\r\n                                    <b>Tốc độ RAM:</b> 2666 MHz\r\n                                </p>\r\n                                <p>\r\n                                    <b>Xuất sứ:</b> Đài Loan\r\n                                </p>\r\n                                <p>\r\n                                    <b>Thời gian bảo hành:</b> 36 tháng\r\n                                </p>'),
(6, 1, 1, 'RAM G.SKILL Trident Z5 32 GB-DDR5-6000 MHz (F5-6000U4040E16GX2-TZ5K)', '000006', '13000000', '11700000', 1, 1, 10, 'r2.jpg', 'r5.jpg', 'r5-1.jpg', 'r7-1.jpg', '<p>\r\n                                    <b>Đặc điểm nổi bật: </b>\r\n                                    Đến từ dòng sản phẩm Asus gaming rất được lòng giới đam mê Esport, chuột máy\r\n                                    tính CERBERUS sở hữu thiết kế ấn tượng với những đường cắt xẻ hiện đại, thể\r\n                                    hiện\r\n                                    hiệu năng tốt khi vận hành và đặc biệt là có giá bán phải chăng. Ngoài ra,\r\n                                    công\r\n                                    tắc DPI bốn nấc và đèn LED tiện dụng sẽ khiến bạn hài lòng trong quá trình\r\n                                    trải\r\n                                    nghiệm sản phẩm.\r\n                                </p>\r\n                          <p>\r\n                                    <b>Đặc điểm nổi bật: </b>\r\n                                    Tốc độ bus tiêu chuẩn của RAM G.SKILL Aegis Gaming DDR4-2666MHz là 2666MHz, tức là cao hơn khá nhiều so với các đối thủ khác trong phân khúc giá. Điều này sẽ giúp tăng hiệu suất dàn PC của bạn bằng cách tăng lượng truyền mỗi giây. Kết hợp với 4GB dung lượng bộ nhớ và độ trễ chỉ 19-19-19-43, dòng RAM Aegis Gaming sẽ đáp ứng tốt các nhu cầu sử dụng hàng ngày của người dùng như làm việc và chơi game nhẹ. Bộ nhớ DDR4 của sản phẩm cũng được thiết kế để hoạt động với hiệu suất cao nhất khi kết hợp với bộ xử lý Intel Core đa lõi. Nhờ đó, trải nghiệm chơi game hay làm việc sẽ luôn mượt mà nhất.\r\n                                </p>\r\n                                <p>\r\n                                    <b>Chất lượng hàng đầu: </b>\r\n                                    Với mọi sản phẩm đưa ra thị trường, G.SKILL luôn đảm bảo chất lượng cao nhất để không làm thất vọng những người hâm mộ. Đó cũng là lý do khiến thương hiệu có chỗ đứng vững chắc như vậy trong lòng các game thủ. Dòng RAM Aegis Gaming phổ thông cũng không có ngoại lệ. Mặc dù giá bán không cao nhưng RAM G.SKILL Aegis Gaming DDR4-2666MHz vẫn được trang bị vi mạch và IC nhớ chất lượng hàng đầu trong ngành. Tất cả đều được G.SKILL lựa chọn thủ công và thực hiện quy trình kiểm tra nghiêm ngặt trên tất cả các thương hiệu bo mạch chủ hàng đầu. Điều đó cũng đảm bảo dòng RAM này có thể tương thích và hoạt động ổn định với 99% bo mạch chủ hỗ trợ DDR4 trên thị trường.\r\n                                </p>\r\n                                <p>\r\n                                    <b>Hiệu quả năng lượng: </b>\r\n                                    Bên cạnh hiệu suất và chất lượng hàng đầu, RAM G.SKILL Aegis Gaming DDR4-2666MHz còn được thiết kế để hoạt động với yêu cầu điện áp thấp (1,2V ~ 1,35V) ở tiêu chuẩn DDR4. Chính vì thế, dòng RAM Aegis Gaming có thể hoạt động với hiệu suất cao hơn trong khi lại tiêu thụ điện năng thấp hơn tới 20% so với các loại RAM DDR3 trước đây. Điều này sẽ đảm bảo dàn PC của bạn có thể hoạt động nhanh hơn mà lại tiết kiệm điện năng hơn.\r\n                                </p>', '<p>\r\n                                    <b>Loại RAM:</b> DDR4\r\n                                </p>\r\n                                <p>\r\n                                    <b>Dung lượng RAM:</b> 4 GB\r\n                                </p>\r\n                                <p>\r\n                                    <b>Tốc độ RAM:</b> 2666 MHz\r\n                                </p>\r\n                                <p>\r\n                                    <b>Xuất sứ:</b> Đài Loan\r\n                                </p>\r\n                                <p>\r\n                                    <b>Thời gian bảo hành:</b> 36 tháng\r\n                                </p>'),
(7, 1, 1, 'RAM G.SKILL Trident Z5 RGB 32 GB-DDR5-5600 MHz', '000007', '14000000', '12600000', 1, 1, 10, 'r6.jpg', 'r7-1.jpg', 'r5-1.jpg', 'r7.jpg', '<p>\r\n                                    <b>Đặc điểm nổi bật: </b>\r\n                                    Đến từ dòng sản phẩm Asus gaming rất được lòng giới đam mê Esport, chuột máy\r\n                                    tính CERBERUS sở hữu thiết kế ấn tượng với những đường cắt xẻ hiện đại, thể\r\n                                    hiện\r\n                                    hiệu năng tốt khi vận hành và đặc biệt là có giá bán phải chăng. Ngoài ra,\r\n                                    công\r\n                                    tắc DPI bốn nấc và đèn LED tiện dụng sẽ khiến bạn hài lòng trong quá trình\r\n                                    trải\r\n                                    nghiệm sản phẩm.\r\n                                </p>\r\n                          <p>\r\n                                    <b>Đặc điểm nổi bật: </b>\r\n                                    Tốc độ bus tiêu chuẩn của RAM G.SKILL Aegis Gaming DDR4-2666MHz là 2666MHz, tức là cao hơn khá nhiều so với các đối thủ khác trong phân khúc giá. Điều này sẽ giúp tăng hiệu suất dàn PC của bạn bằng cách tăng lượng truyền mỗi giây. Kết hợp với 4GB dung lượng bộ nhớ và độ trễ chỉ 19-19-19-43, dòng RAM Aegis Gaming sẽ đáp ứng tốt các nhu cầu sử dụng hàng ngày của người dùng như làm việc và chơi game nhẹ. Bộ nhớ DDR4 của sản phẩm cũng được thiết kế để hoạt động với hiệu suất cao nhất khi kết hợp với bộ xử lý Intel Core đa lõi. Nhờ đó, trải nghiệm chơi game hay làm việc sẽ luôn mượt mà nhất.\r\n                                </p>\r\n                                <p>\r\n                                    <b>Chất lượng hàng đầu: </b>\r\n                                    Với mọi sản phẩm đưa ra thị trường, G.SKILL luôn đảm bảo chất lượng cao nhất để không làm thất vọng những người hâm mộ. Đó cũng là lý do khiến thương hiệu có chỗ đứng vững chắc như vậy trong lòng các game thủ. Dòng RAM Aegis Gaming phổ thông cũng không có ngoại lệ. Mặc dù giá bán không cao nhưng RAM G.SKILL Aegis Gaming DDR4-2666MHz vẫn được trang bị vi mạch và IC nhớ chất lượng hàng đầu trong ngành. Tất cả đều được G.SKILL lựa chọn thủ công và thực hiện quy trình kiểm tra nghiêm ngặt trên tất cả các thương hiệu bo mạch chủ hàng đầu. Điều đó cũng đảm bảo dòng RAM này có thể tương thích và hoạt động ổn định với 99% bo mạch chủ hỗ trợ DDR4 trên thị trường.\r\n                                </p>\r\n                                <p>\r\n                                    <b>Hiệu quả năng lượng: </b>\r\n                                    Bên cạnh hiệu suất và chất lượng hàng đầu, RAM G.SKILL Aegis Gaming DDR4-2666MHz còn được thiết kế để hoạt động với yêu cầu điện áp thấp (1,2V ~ 1,35V) ở tiêu chuẩn DDR4. Chính vì thế, dòng RAM Aegis Gaming có thể hoạt động với hiệu suất cao hơn trong khi lại tiêu thụ điện năng thấp hơn tới 20% so với các loại RAM DDR3 trước đây. Điều này sẽ đảm bảo dàn PC của bạn có thể hoạt động nhanh hơn mà lại tiết kiệm điện năng hơn.\r\n                                </p>', '<p>\r\n                                    <b>Loại RAM:</b> DDR4\r\n                                </p>\r\n                                <p>\r\n                                    <b>Dung lượng RAM:</b> 4 GB\r\n                                </p>\r\n                                <p>\r\n                                    <b>Tốc độ RAM:</b> 2666 MHz\r\n                                </p>\r\n                                <p>\r\n                                    <b>Xuất sứ:</b> Đài Loan\r\n                                </p>\r\n                                <p>\r\n                                    <b>Thời gian bảo hành:</b> 36 tháng\r\n                                </p>'),
(8, 1, 1, 'RAM G.SKILL Trident Z5 32 GB-DDR5-6000 MHz', '000008', '12950000', '11655000', 1, 1, 10, 'r6-1.jpg', 'r7-1.jpg', 'r5-1.jpg', 'r7.jpg', '<p>\r\n                                    <b>Đặc điểm nổi bật: </b>\r\n                                    Đến từ dòng sản phẩm Asus gaming rất được lòng giới đam mê Esport, chuột máy\r\n                                    tính CERBERUS sở hữu thiết kế ấn tượng với những đường cắt xẻ hiện đại, thể\r\n                                    hiện\r\n                                    hiệu năng tốt khi vận hành và đặc biệt là có giá bán phải chăng. Ngoài ra,\r\n                                    công\r\n                                    tắc DPI bốn nấc và đèn LED tiện dụng sẽ khiến bạn hài lòng trong quá trình\r\n                                    trải\r\n                                    nghiệm sản phẩm.\r\n                                </p>\r\n                          <p>\r\n                                    <b>Đặc điểm nổi bật: </b>\r\n                                    Tốc độ bus tiêu chuẩn của RAM G.SKILL Aegis Gaming DDR4-2666MHz là 2666MHz, tức là cao hơn khá nhiều so với các đối thủ khác trong phân khúc giá. Điều này sẽ giúp tăng hiệu suất dàn PC của bạn bằng cách tăng lượng truyền mỗi giây. Kết hợp với 4GB dung lượng bộ nhớ và độ trễ chỉ 19-19-19-43, dòng RAM Aegis Gaming sẽ đáp ứng tốt các nhu cầu sử dụng hàng ngày của người dùng như làm việc và chơi game nhẹ. Bộ nhớ DDR4 của sản phẩm cũng được thiết kế để hoạt động với hiệu suất cao nhất khi kết hợp với bộ xử lý Intel Core đa lõi. Nhờ đó, trải nghiệm chơi game hay làm việc sẽ luôn mượt mà nhất.\r\n                                </p>\r\n                                <p>\r\n                                    <b>Chất lượng hàng đầu: </b>\r\n                                    Với mọi sản phẩm đưa ra thị trường, G.SKILL luôn đảm bảo chất lượng cao nhất để không làm thất vọng những người hâm mộ. Đó cũng là lý do khiến thương hiệu có chỗ đứng vững chắc như vậy trong lòng các game thủ. Dòng RAM Aegis Gaming phổ thông cũng không có ngoại lệ. Mặc dù giá bán không cao nhưng RAM G.SKILL Aegis Gaming DDR4-2666MHz vẫn được trang bị vi mạch và IC nhớ chất lượng hàng đầu trong ngành. Tất cả đều được G.SKILL lựa chọn thủ công và thực hiện quy trình kiểm tra nghiêm ngặt trên tất cả các thương hiệu bo mạch chủ hàng đầu. Điều đó cũng đảm bảo dòng RAM này có thể tương thích và hoạt động ổn định với 99% bo mạch chủ hỗ trợ DDR4 trên thị trường.\r\n                                </p>\r\n                                <p>\r\n                                    <b>Hiệu quả năng lượng: </b>\r\n                                    Bên cạnh hiệu suất và chất lượng hàng đầu, RAM G.SKILL Aegis Gaming DDR4-2666MHz còn được thiết kế để hoạt động với yêu cầu điện áp thấp (1,2V ~ 1,35V) ở tiêu chuẩn DDR4. Chính vì thế, dòng RAM Aegis Gaming có thể hoạt động với hiệu suất cao hơn trong khi lại tiêu thụ điện năng thấp hơn tới 20% so với các loại RAM DDR3 trước đây. Điều này sẽ đảm bảo dàn PC của bạn có thể hoạt động nhanh hơn mà lại tiết kiệm điện năng hơn.\r\n                                </p>', '<p>\r\n                                    <b>Loại RAM:</b> DDR4\r\n                                </p>\r\n                                <p>\r\n                                    <b>Dung lượng RAM:</b> 4 GB\r\n                                </p>\r\n                                <p>\r\n                                    <b>Tốc độ RAM:</b> 2666 MHz\r\n                                </p>\r\n                                <p>\r\n                                    <b>Xuất sứ:</b> Đài Loan\r\n                                </p>\r\n                                <p>\r\n                                    <b>Thời gian bảo hành:</b> 36 tháng\r\n                                </p>'),
(9, 1, 1, 'RAM G.SKILL Trident Z5 32 GB-DDR5-6000 MHz', '000009', '13000000', '11700000', 1, 1, 10, 'r6-2.jpg', 'r5.jpg', 'r5-1.jpg', 'r7-1.jpg', '<p>\r\n                                    <b>Đặc điểm nổi bật: </b>\r\n                                    Đến từ dòng sản phẩm Asus gaming rất được lòng giới đam mê Esport, chuột máy\r\n                                    tính CERBERUS sở hữu thiết kế ấn tượng với những đường cắt xẻ hiện đại, thể\r\n                                    hiện\r\n                                    hiệu năng tốt khi vận hành và đặc biệt là có giá bán phải chăng. Ngoài ra,\r\n                                    công\r\n                                    tắc DPI bốn nấc và đèn LED tiện dụng sẽ khiến bạn hài lòng trong quá trình\r\n                                    trải\r\n                                    nghiệm sản phẩm.\r\n                                </p>\r\n                          <p>\r\n                                    <b>Đặc điểm nổi bật: </b>\r\n                                    Tốc độ bus tiêu chuẩn của RAM G.SKILL Aegis Gaming DDR4-2666MHz là 2666MHz, tức là cao hơn khá nhiều so với các đối thủ khác trong phân khúc giá. Điều này sẽ giúp tăng hiệu suất dàn PC của bạn bằng cách tăng lượng truyền mỗi giây. Kết hợp với 4GB dung lượng bộ nhớ và độ trễ chỉ 19-19-19-43, dòng RAM Aegis Gaming sẽ đáp ứng tốt các nhu cầu sử dụng hàng ngày của người dùng như làm việc và chơi game nhẹ. Bộ nhớ DDR4 của sản phẩm cũng được thiết kế để hoạt động với hiệu suất cao nhất khi kết hợp với bộ xử lý Intel Core đa lõi. Nhờ đó, trải nghiệm chơi game hay làm việc sẽ luôn mượt mà nhất.\r\n                                </p>\r\n                                <p>\r\n                                    <b>Chất lượng hàng đầu: </b>\r\n                                    Với mọi sản phẩm đưa ra thị trường, G.SKILL luôn đảm bảo chất lượng cao nhất để không làm thất vọng những người hâm mộ. Đó cũng là lý do khiến thương hiệu có chỗ đứng vững chắc như vậy trong lòng các game thủ. Dòng RAM Aegis Gaming phổ thông cũng không có ngoại lệ. Mặc dù giá bán không cao nhưng RAM G.SKILL Aegis Gaming DDR4-2666MHz vẫn được trang bị vi mạch và IC nhớ chất lượng hàng đầu trong ngành. Tất cả đều được G.SKILL lựa chọn thủ công và thực hiện quy trình kiểm tra nghiêm ngặt trên tất cả các thương hiệu bo mạch chủ hàng đầu. Điều đó cũng đảm bảo dòng RAM này có thể tương thích và hoạt động ổn định với 99% bo mạch chủ hỗ trợ DDR4 trên thị trường.\r\n                                </p>\r\n                                <p>\r\n                                    <b>Hiệu quả năng lượng: </b>\r\n                                    Bên cạnh hiệu suất và chất lượng hàng đầu, RAM G.SKILL Aegis Gaming DDR4-2666MHz còn được thiết kế để hoạt động với yêu cầu điện áp thấp (1,2V ~ 1,35V) ở tiêu chuẩn DDR4. Chính vì thế, dòng RAM Aegis Gaming có thể hoạt động với hiệu suất cao hơn trong khi lại tiêu thụ điện năng thấp hơn tới 20% so với các loại RAM DDR3 trước đây. Điều này sẽ đảm bảo dàn PC của bạn có thể hoạt động nhanh hơn mà lại tiết kiệm điện năng hơn.\r\n                                </p>', '<p>\r\n                                    <b>Loại RAM:</b> DDR4\r\n                                </p>\r\n                                <p>\r\n                                    <b>Dung lượng RAM:</b> 4 GB\r\n                                </p>\r\n                                <p>\r\n                                    <b>Tốc độ RAM:</b> 2666 MHz\r\n                                </p>\r\n                                <p>\r\n                                    <b>Xuất sứ:</b> Đài Loan\r\n                                </p>\r\n                                <p>\r\n                                    <b>Thời gian bảo hành:</b> 36 tháng\r\n                                </p>'),
(10, 1, 1, 'RAM G.SKILL Ripjaws S5 32 GB-DDR5-5600 MHz', '000010', '12000000', '10800000', 1, 1, 10, 'r6-3.jpg', 'r5.jpg', 'r5-1.jpg', 'r7-1.jpg', '<p>\r\n                                    <b>Đặc điểm nổi bật: </b>\r\n                                    Đến từ dòng sản phẩm Asus gaming rất được lòng giới đam mê Esport, chuột máy\r\n                                    tính CERBERUS sở hữu thiết kế ấn tượng với những đường cắt xẻ hiện đại, thể\r\n                                    hiện\r\n                                    hiệu năng tốt khi vận hành và đặc biệt là có giá bán phải chăng. Ngoài ra,\r\n                                    công\r\n                                    tắc DPI bốn nấc và đèn LED tiện dụng sẽ khiến bạn hài lòng trong quá trình\r\n                                    trải\r\n                                    nghiệm sản phẩm.\r\n                                </p>\r\n                          <p>\r\n                                    <b>Đặc điểm nổi bật: </b>\r\n                                    Tốc độ bus tiêu chuẩn của RAM G.SKILL Aegis Gaming DDR4-2666MHz là 2666MHz, tức là cao hơn khá nhiều so với các đối thủ khác trong phân khúc giá. Điều này sẽ giúp tăng hiệu suất dàn PC của bạn bằng cách tăng lượng truyền mỗi giây. Kết hợp với 4GB dung lượng bộ nhớ và độ trễ chỉ 19-19-19-43, dòng RAM Aegis Gaming sẽ đáp ứng tốt các nhu cầu sử dụng hàng ngày của người dùng như làm việc và chơi game nhẹ. Bộ nhớ DDR4 của sản phẩm cũng được thiết kế để hoạt động với hiệu suất cao nhất khi kết hợp với bộ xử lý Intel Core đa lõi. Nhờ đó, trải nghiệm chơi game hay làm việc sẽ luôn mượt mà nhất.\r\n                                </p>\r\n                                <p>\r\n                                    <b>Chất lượng hàng đầu: </b>\r\n                                    Với mọi sản phẩm đưa ra thị trường, G.SKILL luôn đảm bảo chất lượng cao nhất để không làm thất vọng những người hâm mộ. Đó cũng là lý do khiến thương hiệu có chỗ đứng vững chắc như vậy trong lòng các game thủ. Dòng RAM Aegis Gaming phổ thông cũng không có ngoại lệ. Mặc dù giá bán không cao nhưng RAM G.SKILL Aegis Gaming DDR4-2666MHz vẫn được trang bị vi mạch và IC nhớ chất lượng hàng đầu trong ngành. Tất cả đều được G.SKILL lựa chọn thủ công và thực hiện quy trình kiểm tra nghiêm ngặt trên tất cả các thương hiệu bo mạch chủ hàng đầu. Điều đó cũng đảm bảo dòng RAM này có thể tương thích và hoạt động ổn định với 99% bo mạch chủ hỗ trợ DDR4 trên thị trường.\r\n                                </p>\r\n                                <p>\r\n                                    <b>Hiệu quả năng lượng: </b>\r\n                                    Bên cạnh hiệu suất và chất lượng hàng đầu, RAM G.SKILL Aegis Gaming DDR4-2666MHz còn được thiết kế để hoạt động với yêu cầu điện áp thấp (1,2V ~ 1,35V) ở tiêu chuẩn DDR4. Chính vì thế, dòng RAM Aegis Gaming có thể hoạt động với hiệu suất cao hơn trong khi lại tiêu thụ điện năng thấp hơn tới 20% so với các loại RAM DDR3 trước đây. Điều này sẽ đảm bảo dàn PC của bạn có thể hoạt động nhanh hơn mà lại tiết kiệm điện năng hơn.\r\n                                </p>', '<p>\r\n                                    <b>Loại RAM:</b> DDR4\r\n                                </p>\r\n                                <p>\r\n                                    <b>Dung lượng RAM:</b> 4 GB\r\n                                </p>\r\n                                <p>\r\n                                    <b>Tốc độ RAM:</b> 2666 MHz\r\n                                </p>\r\n                                <p>\r\n                                    <b>Xuất sứ:</b> Đài Loan\r\n                                </p>\r\n                                <p>\r\n                                    <b>Thời gian bảo hành:</b> 36 tháng\r\n                                </p>'),
(11, 2, 2, 'Card đồ hoạ Gigabyte N307TGAMING OC-8GD - 8GB GDDR6 - 256 bit', '000011', '29830000', '26847000', 1, 1, 20, 'v1.jpg', 'v1-1.jpg', 'v1-2.jpg', 'v1-3.jpg', '<p>\r\n    <b>Nhỏ gọn và bền bỉ: </b>\r\n    Asus TUF Gaming GeForce GTX 1650 4GB GDDR6 nổi bật với tỷ lệ kích thước hoàn hảo. Điều này giúp cho chiếc card đồ\r\n    hoạ này có thể lắp đặt vừa vặn bên trong hầu hết các vỏ case trên thị trường mà không chiếm nhiều không gian bên\r\n    trong. Vì vậy, quá trình xây dựng các hệ thống chơi game nhỏ gọn sẽ trở nên đơn giản hơn khi có sự góp mặt của GTX\r\n    1650. Bên cạnh đó, bạn cũng có thể yên tâm về mức độ bền bỉ của card đồ hoạ vì nó đã được xếp hạng IPX5 chống bụi và\r\n    gắn backplate kim loại ở ngay PCB phía sau.\r\n</p>\r\n<p>\r\n    <b>Chơi mọi thể loại game mà bạn yêu thích: </b>\r\n    GPU của Asus TUF Gaming GeForce GTX 1650 4GB GDDR6 được xây dựng dựa trên kiến NVIDIA Turing từng đoạt rất nhiều\r\n    giải thưởng. Kết hợp với 4GB bộ nhớ GDDR6 cực nhanh, chiếc card đồ hoạ này sẽ giúp bạn chơi mọi tựa game yêu thích ở\r\n    độ phân giải 1080p một cách mượt mà. Ngoài ra, sản phẩm còn hỗ trợ công nghệ hiển thị NVIDIA G-Sync cho trải nghiệm\r\n    FPS ổn định nhất, hạn chế tối đa hiện tượng xé khung hình trong các tựa game đòi hỏi phản xạ nhanh. Theo tính toán,\r\n    hiệu suất chơi game trên GeForce GTX 1650 sẽ nhanh gấp đôi so với GeForce GTX 950 và nhanh hơn tới 70% so với GTX\r\n    1050 trong các trò chơi mới nhất.\r\n</p>\r\n<p>\r\n    <b>Tối ưu trải nghiệm chơi game với GeForce Experience: </b>\r\n    Với GeForce Experience, bạn sẽ có một trải nghiệm chơi game tối ưu nhất trên Asus TUF Gaming GeForce GTX 1650 4GB\r\n    GDDR6. Thông qua một giao diện trực quan, phần mềm này cung cấp hàng loạt các chức năng tiện lợi cho game thủ như\r\n    quay và chia sẻ video, ảnh chụp màn hình cũng như livestream trực tuyến với hạn bè. Ngoài ra, GeForce Experience còn\r\n    cho phép bạn nhanh chóng tìm kiếm trình điều khiển mới nhất và tối ưu hoá thiết lập game hoàn toàn tự động.\r\n</p>\r\n<p>\r\n    <b>Không lo bị nóng: </b>\r\n    Bên cạnh dàn tản nhiệt bằng nhôm kích thước lớn và nhiều ống đồng dẫn nhiệt tiếp xúc hoàn hảo với bề mặt của GPU,\r\n    Asus TUF Gaming GeForce GTX 1650 4GB GDDR6 còn có hai quạt làm mát với vòng bi sử dụng chất bôi trơn cấp hàng không\r\n    vũ trụ. Không chỉ ít gây ra tiếng ồn và tuổi thọ bền bỉ, những vòng bi này sẽ giúp hai quạt có được khả năng thổi\r\n    những luồng không khí mát tập trung đến khu vực tản nhiệt để nhanh chóng làm mát cho GPU. Vì vậy, bạn có thể yên tâm\r\n    chơi các tựa game yêu thích ở độ phân giải cao nhất mà không lo card đồ hoạ bị nóng lên quá nhiều.\r\n</p>\r\n<p>\r\n    <b>Tương thích tối đa: </b>\r\n    Tất cả các card đồ hoạ Asus TUF Gaming GeForce GTX 1650 4GB GDDR6 đều được sản xuất bằng một quy trình tự động dựa\r\n    trên công nghệ Auto-Extreme nổi tiếng. Bên cạnh đó, sản phẩm còn phải trải qua chương trình thử nghiệm 144 giờ nổi\r\n    tiếng của Asus để đảm bảo đáp ứng đầy đủ các tiêu chuẩn về hiệu năng và độ tin cậy. Kết hợp với hệ sinh thái sản\r\n    phẩm TUF Gaming và TUF Alliance rộng lớn, bạn có thể hoàn toàn yên tâm về khả năng tương thích của chiếc card đồ hoạ\r\n    này.\r\n</p>', '<p>\r\n    <b>Chip đồ họa:</b> GeForce GTX 1650\r\n</p>\r\n<p>\r\n    <b>Bộ nhớ:</b> 4 GB GDDR6\r\n</p>\r\n<p>\r\n    <b>OC Mode:</b> Boost 1620 MHz\r\n</p>\r\n<p>\r\n    <b>Gaming Mode:</b> Boost 1560 MHz\r\n</p>\r\n<p>\r\n    <b>Số lượng đơn vị xử lý:</b> 896 CUDA Cores\r\n</p>\r\n<p>\r\n    <b>Tản nhiệt:</b> 2 quạt\r\n</p>\r\n<p>\r\n    <b>Thương hiệu:</b> Asus\r\n</p>\r\n<p>\r\n    <b>Xuất sứ:</b> Đài Loan\r\n</p>\r\n<p>\r\n    <b>Thời gian bảo hành:</b> 36 tháng\r\n</p>'),
(12, 2, 2, 'Card đồ hoạ MSI GeForce RTX 3060 VENTUS 2X 12G OC', '000012', '14920000', '13428000', 1, 1, 20, 'v2.jpg', 'v2-1.jpg', 'v2-2.jpg', 'v2-3.jpg', '<p>\r\n    <b>Nhỏ gọn và bền bỉ: </b>\r\n    Asus TUF Gaming GeForce GTX 1650 4GB GDDR6 nổi bật với tỷ lệ kích thước hoàn hảo. Điều này giúp cho chiếc card đồ\r\n    hoạ này có thể lắp đặt vừa vặn bên trong hầu hết các vỏ case trên thị trường mà không chiếm nhiều không gian bên\r\n    trong. Vì vậy, quá trình xây dựng các hệ thống chơi game nhỏ gọn sẽ trở nên đơn giản hơn khi có sự góp mặt của GTX\r\n    1650. Bên cạnh đó, bạn cũng có thể yên tâm về mức độ bền bỉ của card đồ hoạ vì nó đã được xếp hạng IPX5 chống bụi và\r\n    gắn backplate kim loại ở ngay PCB phía sau.\r\n</p>\r\n<p>\r\n    <b>Chơi mọi thể loại game mà bạn yêu thích: </b>\r\n    GPU của Asus TUF Gaming GeForce GTX 1650 4GB GDDR6 được xây dựng dựa trên kiến NVIDIA Turing từng đoạt rất nhiều\r\n    giải thưởng. Kết hợp với 4GB bộ nhớ GDDR6 cực nhanh, chiếc card đồ hoạ này sẽ giúp bạn chơi mọi tựa game yêu thích ở\r\n    độ phân giải 1080p một cách mượt mà. Ngoài ra, sản phẩm còn hỗ trợ công nghệ hiển thị NVIDIA G-Sync cho trải nghiệm\r\n    FPS ổn định nhất, hạn chế tối đa hiện tượng xé khung hình trong các tựa game đòi hỏi phản xạ nhanh. Theo tính toán,\r\n    hiệu suất chơi game trên GeForce GTX 1650 sẽ nhanh gấp đôi so với GeForce GTX 950 và nhanh hơn tới 70% so với GTX\r\n    1050 trong các trò chơi mới nhất.\r\n</p>\r\n<p>\r\n    <b>Tối ưu trải nghiệm chơi game với GeForce Experience: </b>\r\n    Với GeForce Experience, bạn sẽ có một trải nghiệm chơi game tối ưu nhất trên Asus TUF Gaming GeForce GTX 1650 4GB\r\n    GDDR6. Thông qua một giao diện trực quan, phần mềm này cung cấp hàng loạt các chức năng tiện lợi cho game thủ như\r\n    quay và chia sẻ video, ảnh chụp màn hình cũng như livestream trực tuyến với hạn bè. Ngoài ra, GeForce Experience còn\r\n    cho phép bạn nhanh chóng tìm kiếm trình điều khiển mới nhất và tối ưu hoá thiết lập game hoàn toàn tự động.\r\n</p>\r\n<p>\r\n    <b>Không lo bị nóng: </b>\r\n    Bên cạnh dàn tản nhiệt bằng nhôm kích thước lớn và nhiều ống đồng dẫn nhiệt tiếp xúc hoàn hảo với bề mặt của GPU,\r\n    Asus TUF Gaming GeForce GTX 1650 4GB GDDR6 còn có hai quạt làm mát với vòng bi sử dụng chất bôi trơn cấp hàng không\r\n    vũ trụ. Không chỉ ít gây ra tiếng ồn và tuổi thọ bền bỉ, những vòng bi này sẽ giúp hai quạt có được khả năng thổi\r\n    những luồng không khí mát tập trung đến khu vực tản nhiệt để nhanh chóng làm mát cho GPU. Vì vậy, bạn có thể yên tâm\r\n    chơi các tựa game yêu thích ở độ phân giải cao nhất mà không lo card đồ hoạ bị nóng lên quá nhiều.\r\n</p>\r\n<p>\r\n    <b>Tương thích tối đa: </b>\r\n    Tất cả các card đồ hoạ Asus TUF Gaming GeForce GTX 1650 4GB GDDR6 đều được sản xuất bằng một quy trình tự động dựa\r\n    trên công nghệ Auto-Extreme nổi tiếng. Bên cạnh đó, sản phẩm còn phải trải qua chương trình thử nghiệm 144 giờ nổi\r\n    tiếng của Asus để đảm bảo đáp ứng đầy đủ các tiêu chuẩn về hiệu năng và độ tin cậy. Kết hợp với hệ sinh thái sản\r\n    phẩm TUF Gaming và TUF Alliance rộng lớn, bạn có thể hoàn toàn yên tâm về khả năng tương thích của chiếc card đồ hoạ\r\n    này.\r\n</p>', '<p>\r\n    <b>Chip đồ họa:</b> GeForce GTX 1650\r\n</p>\r\n<p>\r\n    <b>Bộ nhớ:</b> 4 GB GDDR6\r\n</p>\r\n<p>\r\n    <b>OC Mode:</b> Boost 1620 MHz\r\n</p>\r\n<p>\r\n    <b>Gaming Mode:</b> Boost 1560 MHz\r\n</p>\r\n<p>\r\n    <b>Số lượng đơn vị xử lý:</b> 896 CUDA Cores\r\n</p>\r\n<p>\r\n    <b>Tản nhiệt:</b> 2 quạt\r\n</p>\r\n<p>\r\n    <b>Thương hiệu:</b> Asus\r\n</p>\r\n<p>\r\n    <b>Xuất sứ:</b> Đài Loan\r\n</p>\r\n<p>\r\n    <b>Thời gian bảo hành:</b> 36 tháng\r\n</p>'),
(13, 2, 2, 'Card đồ họa Asus TUF GTX 1660S O6G GAMING', '000013', '10200000', '9150000', 1, 1, 20, 'v3.jpg', 'v3-1.jpg', 'v3-2.jpg', 'v3-3.jpg', '<p>\r\n    <b>Nhỏ gọn và bền bỉ: </b>\r\n    Asus TUF Gaming GeForce GTX 1650 4GB GDDR6 nổi bật với tỷ lệ kích thước hoàn hảo. Điều này giúp cho chiếc card đồ\r\n    hoạ này có thể lắp đặt vừa vặn bên trong hầu hết các vỏ case trên thị trường mà không chiếm nhiều không gian bên\r\n    trong. Vì vậy, quá trình xây dựng các hệ thống chơi game nhỏ gọn sẽ trở nên đơn giản hơn khi có sự góp mặt của GTX\r\n    1650. Bên cạnh đó, bạn cũng có thể yên tâm về mức độ bền bỉ của card đồ hoạ vì nó đã được xếp hạng IPX5 chống bụi và\r\n    gắn backplate kim loại ở ngay PCB phía sau.\r\n</p>\r\n<p>\r\n    <b>Chơi mọi thể loại game mà bạn yêu thích: </b>\r\n    GPU của Asus TUF Gaming GeForce GTX 1650 4GB GDDR6 được xây dựng dựa trên kiến NVIDIA Turing từng đoạt rất nhiều\r\n    giải thưởng. Kết hợp với 4GB bộ nhớ GDDR6 cực nhanh, chiếc card đồ hoạ này sẽ giúp bạn chơi mọi tựa game yêu thích ở\r\n    độ phân giải 1080p một cách mượt mà. Ngoài ra, sản phẩm còn hỗ trợ công nghệ hiển thị NVIDIA G-Sync cho trải nghiệm\r\n    FPS ổn định nhất, hạn chế tối đa hiện tượng xé khung hình trong các tựa game đòi hỏi phản xạ nhanh. Theo tính toán,\r\n    hiệu suất chơi game trên GeForce GTX 1650 sẽ nhanh gấp đôi so với GeForce GTX 950 và nhanh hơn tới 70% so với GTX\r\n    1050 trong các trò chơi mới nhất.\r\n</p>\r\n<p>\r\n    <b>Tối ưu trải nghiệm chơi game với GeForce Experience: </b>\r\n    Với GeForce Experience, bạn sẽ có một trải nghiệm chơi game tối ưu nhất trên Asus TUF Gaming GeForce GTX 1650 4GB\r\n    GDDR6. Thông qua một giao diện trực quan, phần mềm này cung cấp hàng loạt các chức năng tiện lợi cho game thủ như\r\n    quay và chia sẻ video, ảnh chụp màn hình cũng như livestream trực tuyến với hạn bè. Ngoài ra, GeForce Experience còn\r\n    cho phép bạn nhanh chóng tìm kiếm trình điều khiển mới nhất và tối ưu hoá thiết lập game hoàn toàn tự động.\r\n</p>\r\n<p>\r\n    <b>Không lo bị nóng: </b>\r\n    Bên cạnh dàn tản nhiệt bằng nhôm kích thước lớn và nhiều ống đồng dẫn nhiệt tiếp xúc hoàn hảo với bề mặt của GPU,\r\n    Asus TUF Gaming GeForce GTX 1650 4GB GDDR6 còn có hai quạt làm mát với vòng bi sử dụng chất bôi trơn cấp hàng không\r\n    vũ trụ. Không chỉ ít gây ra tiếng ồn và tuổi thọ bền bỉ, những vòng bi này sẽ giúp hai quạt có được khả năng thổi\r\n    những luồng không khí mát tập trung đến khu vực tản nhiệt để nhanh chóng làm mát cho GPU. Vì vậy, bạn có thể yên tâm\r\n    chơi các tựa game yêu thích ở độ phân giải cao nhất mà không lo card đồ hoạ bị nóng lên quá nhiều.\r\n</p>\r\n<p>\r\n    <b>Tương thích tối đa: </b>\r\n    Tất cả các card đồ hoạ Asus TUF Gaming GeForce GTX 1650 4GB GDDR6 đều được sản xuất bằng một quy trình tự động dựa\r\n    trên công nghệ Auto-Extreme nổi tiếng. Bên cạnh đó, sản phẩm còn phải trải qua chương trình thử nghiệm 144 giờ nổi\r\n    tiếng của Asus để đảm bảo đáp ứng đầy đủ các tiêu chuẩn về hiệu năng và độ tin cậy. Kết hợp với hệ sinh thái sản\r\n    phẩm TUF Gaming và TUF Alliance rộng lớn, bạn có thể hoàn toàn yên tâm về khả năng tương thích của chiếc card đồ hoạ\r\n    này.\r\n</p>', '<p>\r\n    <b>Chip đồ họa:</b> GeForce GTX 1650\r\n</p>\r\n<p>\r\n    <b>Bộ nhớ:</b> 4 GB GDDR6\r\n</p>\r\n<p>\r\n    <b>OC Mode:</b> Boost 1620 MHz\r\n</p>\r\n<p>\r\n    <b>Gaming Mode:</b> Boost 1560 MHz\r\n</p>\r\n<p>\r\n    <b>Số lượng đơn vị xử lý:</b> 896 CUDA Cores\r\n</p>\r\n<p>\r\n    <b>Tản nhiệt:</b> 2 quạt\r\n</p>\r\n<p>\r\n    <b>Thương hiệu:</b> Asus\r\n</p>\r\n<p>\r\n    <b>Xuất sứ:</b> Đài Loan\r\n</p>\r\n<p>\r\n    <b>Thời gian bảo hành:</b> 36 tháng\r\n</p>');
INSERT INTO `tbl_product` (`product_id`, `homepro_id`, `category_id`, `product_name`, `product_msp`, `product_price`, `product_bestsale`, `product_active`, `product_besthot`, `product_quantity`, `product_img`, `product_img1`, `product_img2`, `product_img3`, `product_intro`, `product_info`) VALUES
(14, 2, 2, 'Card đồ hoạ Asus DUAL RTX 3060 O12G V2 - 12GB GDDR6 - 192 bit', '000014', '12700000', '11400000', 1, 1, 20, 'v4.jpg', 'v4-1.jpg', 'v4-2.jpg', 'v4-3.jpg', '<p>\r\n    <b>Nhỏ gọn và bền bỉ: </b>\r\n    Asus TUF Gaming GeForce GTX 1650 4GB GDDR6 nổi bật với tỷ lệ kích thước hoàn hảo. Điều này giúp cho chiếc card đồ\r\n    hoạ này có thể lắp đặt vừa vặn bên trong hầu hết các vỏ case trên thị trường mà không chiếm nhiều không gian bên\r\n    trong. Vì vậy, quá trình xây dựng các hệ thống chơi game nhỏ gọn sẽ trở nên đơn giản hơn khi có sự góp mặt của GTX\r\n    1650. Bên cạnh đó, bạn cũng có thể yên tâm về mức độ bền bỉ của card đồ hoạ vì nó đã được xếp hạng IPX5 chống bụi và\r\n    gắn backplate kim loại ở ngay PCB phía sau.\r\n</p>\r\n<p>\r\n    <b>Chơi mọi thể loại game mà bạn yêu thích: </b>\r\n    GPU của Asus TUF Gaming GeForce GTX 1650 4GB GDDR6 được xây dựng dựa trên kiến NVIDIA Turing từng đoạt rất nhiều\r\n    giải thưởng. Kết hợp với 4GB bộ nhớ GDDR6 cực nhanh, chiếc card đồ hoạ này sẽ giúp bạn chơi mọi tựa game yêu thích ở\r\n    độ phân giải 1080p một cách mượt mà. Ngoài ra, sản phẩm còn hỗ trợ công nghệ hiển thị NVIDIA G-Sync cho trải nghiệm\r\n    FPS ổn định nhất, hạn chế tối đa hiện tượng xé khung hình trong các tựa game đòi hỏi phản xạ nhanh. Theo tính toán,\r\n    hiệu suất chơi game trên GeForce GTX 1650 sẽ nhanh gấp đôi so với GeForce GTX 950 và nhanh hơn tới 70% so với GTX\r\n    1050 trong các trò chơi mới nhất.\r\n</p>\r\n<p>\r\n    <b>Tối ưu trải nghiệm chơi game với GeForce Experience: </b>\r\n    Với GeForce Experience, bạn sẽ có một trải nghiệm chơi game tối ưu nhất trên Asus TUF Gaming GeForce GTX 1650 4GB\r\n    GDDR6. Thông qua một giao diện trực quan, phần mềm này cung cấp hàng loạt các chức năng tiện lợi cho game thủ như\r\n    quay và chia sẻ video, ảnh chụp màn hình cũng như livestream trực tuyến với hạn bè. Ngoài ra, GeForce Experience còn\r\n    cho phép bạn nhanh chóng tìm kiếm trình điều khiển mới nhất và tối ưu hoá thiết lập game hoàn toàn tự động.\r\n</p>\r\n<p>\r\n    <b>Không lo bị nóng: </b>\r\n    Bên cạnh dàn tản nhiệt bằng nhôm kích thước lớn và nhiều ống đồng dẫn nhiệt tiếp xúc hoàn hảo với bề mặt của GPU,\r\n    Asus TUF Gaming GeForce GTX 1650 4GB GDDR6 còn có hai quạt làm mát với vòng bi sử dụng chất bôi trơn cấp hàng không\r\n    vũ trụ. Không chỉ ít gây ra tiếng ồn và tuổi thọ bền bỉ, những vòng bi này sẽ giúp hai quạt có được khả năng thổi\r\n    những luồng không khí mát tập trung đến khu vực tản nhiệt để nhanh chóng làm mát cho GPU. Vì vậy, bạn có thể yên tâm\r\n    chơi các tựa game yêu thích ở độ phân giải cao nhất mà không lo card đồ hoạ bị nóng lên quá nhiều.\r\n</p>\r\n<p>\r\n    <b>Tương thích tối đa: </b>\r\n    Tất cả các card đồ hoạ Asus TUF Gaming GeForce GTX 1650 4GB GDDR6 đều được sản xuất bằng một quy trình tự động dựa\r\n    trên công nghệ Auto-Extreme nổi tiếng. Bên cạnh đó, sản phẩm còn phải trải qua chương trình thử nghiệm 144 giờ nổi\r\n    tiếng của Asus để đảm bảo đáp ứng đầy đủ các tiêu chuẩn về hiệu năng và độ tin cậy. Kết hợp với hệ sinh thái sản\r\n    phẩm TUF Gaming và TUF Alliance rộng lớn, bạn có thể hoàn toàn yên tâm về khả năng tương thích của chiếc card đồ hoạ\r\n    này.\r\n</p>', '<p>\r\n    <b>Chip đồ họa:</b> GeForce GTX 1650\r\n</p>\r\n<p>\r\n    <b>Bộ nhớ:</b> 4 GB GDDR6\r\n</p>\r\n<p>\r\n    <b>OC Mode:</b> Boost 1620 MHz\r\n</p>\r\n<p>\r\n    <b>Gaming Mode:</b> Boost 1560 MHz\r\n</p>\r\n<p>\r\n    <b>Số lượng đơn vị xử lý:</b> 896 CUDA Cores\r\n</p>\r\n<p>\r\n    <b>Tản nhiệt:</b> 2 quạt\r\n</p>\r\n<p>\r\n    <b>Thương hiệu:</b> Asus\r\n</p>\r\n<p>\r\n    <b>Xuất sứ:</b> Đài Loan\r\n</p>\r\n<p>\r\n    <b>Thời gian bảo hành:</b> 36 tháng\r\n</p>'),
(15, 2, 2, 'Card đồ hoạ Gigabyte N166SOC-6GD - 6GB GDDR6 - 192 bit', '000015', '14450000', '12999000', 1, 1, 20, 'v5.jpg', 'v5-2.jpg', 'v5-3.jpg', 'v5-4.jpg', '<p>\r\n    <b>Nhỏ gọn và bền bỉ: </b>\r\n    Asus TUF Gaming GeForce GTX 1650 4GB GDDR6 nổi bật với tỷ lệ kích thước hoàn hảo. Điều này giúp cho chiếc card đồ\r\n    hoạ này có thể lắp đặt vừa vặn bên trong hầu hết các vỏ case trên thị trường mà không chiếm nhiều không gian bên\r\n    trong. Vì vậy, quá trình xây dựng các hệ thống chơi game nhỏ gọn sẽ trở nên đơn giản hơn khi có sự góp mặt của GTX\r\n    1650. Bên cạnh đó, bạn cũng có thể yên tâm về mức độ bền bỉ của card đồ hoạ vì nó đã được xếp hạng IPX5 chống bụi và\r\n    gắn backplate kim loại ở ngay PCB phía sau.\r\n</p>\r\n<p>\r\n    <b>Chơi mọi thể loại game mà bạn yêu thích: </b>\r\n    GPU của Asus TUF Gaming GeForce GTX 1650 4GB GDDR6 được xây dựng dựa trên kiến NVIDIA Turing từng đoạt rất nhiều\r\n    giải thưởng. Kết hợp với 4GB bộ nhớ GDDR6 cực nhanh, chiếc card đồ hoạ này sẽ giúp bạn chơi mọi tựa game yêu thích ở\r\n    độ phân giải 1080p một cách mượt mà. Ngoài ra, sản phẩm còn hỗ trợ công nghệ hiển thị NVIDIA G-Sync cho trải nghiệm\r\n    FPS ổn định nhất, hạn chế tối đa hiện tượng xé khung hình trong các tựa game đòi hỏi phản xạ nhanh. Theo tính toán,\r\n    hiệu suất chơi game trên GeForce GTX 1650 sẽ nhanh gấp đôi so với GeForce GTX 950 và nhanh hơn tới 70% so với GTX\r\n    1050 trong các trò chơi mới nhất.\r\n</p>\r\n<p>\r\n    <b>Tối ưu trải nghiệm chơi game với GeForce Experience: </b>\r\n    Với GeForce Experience, bạn sẽ có một trải nghiệm chơi game tối ưu nhất trên Asus TUF Gaming GeForce GTX 1650 4GB\r\n    GDDR6. Thông qua một giao diện trực quan, phần mềm này cung cấp hàng loạt các chức năng tiện lợi cho game thủ như\r\n    quay và chia sẻ video, ảnh chụp màn hình cũng như livestream trực tuyến với hạn bè. Ngoài ra, GeForce Experience còn\r\n    cho phép bạn nhanh chóng tìm kiếm trình điều khiển mới nhất và tối ưu hoá thiết lập game hoàn toàn tự động.\r\n</p>\r\n<p>\r\n    <b>Không lo bị nóng: </b>\r\n    Bên cạnh dàn tản nhiệt bằng nhôm kích thước lớn và nhiều ống đồng dẫn nhiệt tiếp xúc hoàn hảo với bề mặt của GPU,\r\n    Asus TUF Gaming GeForce GTX 1650 4GB GDDR6 còn có hai quạt làm mát với vòng bi sử dụng chất bôi trơn cấp hàng không\r\n    vũ trụ. Không chỉ ít gây ra tiếng ồn và tuổi thọ bền bỉ, những vòng bi này sẽ giúp hai quạt có được khả năng thổi\r\n    những luồng không khí mát tập trung đến khu vực tản nhiệt để nhanh chóng làm mát cho GPU. Vì vậy, bạn có thể yên tâm\r\n    chơi các tựa game yêu thích ở độ phân giải cao nhất mà không lo card đồ hoạ bị nóng lên quá nhiều.\r\n</p>\r\n<p>\r\n    <b>Tương thích tối đa: </b>\r\n    Tất cả các card đồ hoạ Asus TUF Gaming GeForce GTX 1650 4GB GDDR6 đều được sản xuất bằng một quy trình tự động dựa\r\n    trên công nghệ Auto-Extreme nổi tiếng. Bên cạnh đó, sản phẩm còn phải trải qua chương trình thử nghiệm 144 giờ nổi\r\n    tiếng của Asus để đảm bảo đáp ứng đầy đủ các tiêu chuẩn về hiệu năng và độ tin cậy. Kết hợp với hệ sinh thái sản\r\n    phẩm TUF Gaming và TUF Alliance rộng lớn, bạn có thể hoàn toàn yên tâm về khả năng tương thích của chiếc card đồ hoạ\r\n    này.\r\n</p>', '<p>\r\n    <b>Chip đồ họa:</b> GeForce GTX 1650\r\n</p>\r\n<p>\r\n    <b>Bộ nhớ:</b> 4 GB GDDR6\r\n</p>\r\n<p>\r\n    <b>OC Mode:</b> Boost 1620 MHz\r\n</p>\r\n<p>\r\n    <b>Gaming Mode:</b> Boost 1560 MHz\r\n</p>\r\n<p>\r\n    <b>Số lượng đơn vị xử lý:</b> 896 CUDA Cores\r\n</p>\r\n<p>\r\n    <b>Tản nhiệt:</b> 2 quạt\r\n</p>\r\n<p>\r\n    <b>Thương hiệu:</b> Asus\r\n</p>\r\n<p>\r\n    <b>Xuất sứ:</b> Đài Loan\r\n</p>\r\n<p>\r\n    <b>Thời gian bảo hành:</b> 36 tháng\r\n</p>'),
(16, 2, 2, 'Card đồ hoạ Gigabyte N2060D6-6GD - 6GB GDDR6 - 192 bit', '000016', '15050000', '13530000', 1, 1, 20, 'v2.jpg', 'v1-1.jpg', 'v3-2.jpg', 'v4-3.jpg', '<p>\r\n    <b>Nhỏ gọn và bền bỉ: </b>\r\n    Asus TUF Gaming GeForce GTX 1650 4GB GDDR6 nổi bật với tỷ lệ kích thước hoàn hảo. Điều này giúp cho chiếc card đồ\r\n    hoạ này có thể lắp đặt vừa vặn bên trong hầu hết các vỏ case trên thị trường mà không chiếm nhiều không gian bên\r\n    trong. Vì vậy, quá trình xây dựng các hệ thống chơi game nhỏ gọn sẽ trở nên đơn giản hơn khi có sự góp mặt của GTX\r\n    1650. Bên cạnh đó, bạn cũng có thể yên tâm về mức độ bền bỉ của card đồ hoạ vì nó đã được xếp hạng IPX5 chống bụi và\r\n    gắn backplate kim loại ở ngay PCB phía sau.\r\n</p>\r\n<p>\r\n    <b>Chơi mọi thể loại game mà bạn yêu thích: </b>\r\n    GPU của Asus TUF Gaming GeForce GTX 1650 4GB GDDR6 được xây dựng dựa trên kiến NVIDIA Turing từng đoạt rất nhiều\r\n    giải thưởng. Kết hợp với 4GB bộ nhớ GDDR6 cực nhanh, chiếc card đồ hoạ này sẽ giúp bạn chơi mọi tựa game yêu thích ở\r\n    độ phân giải 1080p một cách mượt mà. Ngoài ra, sản phẩm còn hỗ trợ công nghệ hiển thị NVIDIA G-Sync cho trải nghiệm\r\n    FPS ổn định nhất, hạn chế tối đa hiện tượng xé khung hình trong các tựa game đòi hỏi phản xạ nhanh. Theo tính toán,\r\n    hiệu suất chơi game trên GeForce GTX 1650 sẽ nhanh gấp đôi so với GeForce GTX 950 và nhanh hơn tới 70% so với GTX\r\n    1050 trong các trò chơi mới nhất.\r\n</p>\r\n<p>\r\n    <b>Tối ưu trải nghiệm chơi game với GeForce Experience: </b>\r\n    Với GeForce Experience, bạn sẽ có một trải nghiệm chơi game tối ưu nhất trên Asus TUF Gaming GeForce GTX 1650 4GB\r\n    GDDR6. Thông qua một giao diện trực quan, phần mềm này cung cấp hàng loạt các chức năng tiện lợi cho game thủ như\r\n    quay và chia sẻ video, ảnh chụp màn hình cũng như livestream trực tuyến với hạn bè. Ngoài ra, GeForce Experience còn\r\n    cho phép bạn nhanh chóng tìm kiếm trình điều khiển mới nhất và tối ưu hoá thiết lập game hoàn toàn tự động.\r\n</p>\r\n<p>\r\n    <b>Không lo bị nóng: </b>\r\n    Bên cạnh dàn tản nhiệt bằng nhôm kích thước lớn và nhiều ống đồng dẫn nhiệt tiếp xúc hoàn hảo với bề mặt của GPU,\r\n    Asus TUF Gaming GeForce GTX 1650 4GB GDDR6 còn có hai quạt làm mát với vòng bi sử dụng chất bôi trơn cấp hàng không\r\n    vũ trụ. Không chỉ ít gây ra tiếng ồn và tuổi thọ bền bỉ, những vòng bi này sẽ giúp hai quạt có được khả năng thổi\r\n    những luồng không khí mát tập trung đến khu vực tản nhiệt để nhanh chóng làm mát cho GPU. Vì vậy, bạn có thể yên tâm\r\n    chơi các tựa game yêu thích ở độ phân giải cao nhất mà không lo card đồ hoạ bị nóng lên quá nhiều.\r\n</p>\r\n<p>\r\n    <b>Tương thích tối đa: </b>\r\n    Tất cả các card đồ hoạ Asus TUF Gaming GeForce GTX 1650 4GB GDDR6 đều được sản xuất bằng một quy trình tự động dựa\r\n    trên công nghệ Auto-Extreme nổi tiếng. Bên cạnh đó, sản phẩm còn phải trải qua chương trình thử nghiệm 144 giờ nổi\r\n    tiếng của Asus để đảm bảo đáp ứng đầy đủ các tiêu chuẩn về hiệu năng và độ tin cậy. Kết hợp với hệ sinh thái sản\r\n    phẩm TUF Gaming và TUF Alliance rộng lớn, bạn có thể hoàn toàn yên tâm về khả năng tương thích của chiếc card đồ hoạ\r\n    này.\r\n</p>', '<p>\r\n    <b>Chip đồ họa:</b> GeForce GTX 1650\r\n</p>\r\n<p>\r\n    <b>Bộ nhớ:</b> 4 GB GDDR6\r\n</p>\r\n<p>\r\n    <b>OC Mode:</b> Boost 1620 MHz\r\n</p>\r\n<p>\r\n    <b>Gaming Mode:</b> Boost 1560 MHz\r\n</p>\r\n<p>\r\n    <b>Số lượng đơn vị xử lý:</b> 896 CUDA Cores\r\n</p>\r\n<p>\r\n    <b>Tản nhiệt:</b> 2 quạt\r\n</p>\r\n<p>\r\n    <b>Thương hiệu:</b> Asus\r\n</p>\r\n<p>\r\n    <b>Xuất sứ:</b> Đài Loan\r\n</p>\r\n<p>\r\n    <b>Thời gian bảo hành:</b> 36 tháng\r\n</p>'),
(17, 2, 2, 'Card đồ họa Asus DUAL RTX 2060 O6G EVO', '000017', '15930000', '14330000', 1, 1, 20, 'v3.jpg', 'v1-1.jpg', 'v3-2.jpg', 'v5-3.jpg', '<p>\r\n    <b>Nhỏ gọn và bền bỉ: </b>\r\n    Asus TUF Gaming GeForce GTX 1650 4GB GDDR6 nổi bật với tỷ lệ kích thước hoàn hảo. Điều này giúp cho chiếc card đồ\r\n    hoạ này có thể lắp đặt vừa vặn bên trong hầu hết các vỏ case trên thị trường mà không chiếm nhiều không gian bên\r\n    trong. Vì vậy, quá trình xây dựng các hệ thống chơi game nhỏ gọn sẽ trở nên đơn giản hơn khi có sự góp mặt của GTX\r\n    1650. Bên cạnh đó, bạn cũng có thể yên tâm về mức độ bền bỉ của card đồ hoạ vì nó đã được xếp hạng IPX5 chống bụi và\r\n    gắn backplate kim loại ở ngay PCB phía sau.\r\n</p>\r\n<p>\r\n    <b>Chơi mọi thể loại game mà bạn yêu thích: </b>\r\n    GPU của Asus TUF Gaming GeForce GTX 1650 4GB GDDR6 được xây dựng dựa trên kiến NVIDIA Turing từng đoạt rất nhiều\r\n    giải thưởng. Kết hợp với 4GB bộ nhớ GDDR6 cực nhanh, chiếc card đồ hoạ này sẽ giúp bạn chơi mọi tựa game yêu thích ở\r\n    độ phân giải 1080p một cách mượt mà. Ngoài ra, sản phẩm còn hỗ trợ công nghệ hiển thị NVIDIA G-Sync cho trải nghiệm\r\n    FPS ổn định nhất, hạn chế tối đa hiện tượng xé khung hình trong các tựa game đòi hỏi phản xạ nhanh. Theo tính toán,\r\n    hiệu suất chơi game trên GeForce GTX 1650 sẽ nhanh gấp đôi so với GeForce GTX 950 và nhanh hơn tới 70% so với GTX\r\n    1050 trong các trò chơi mới nhất.\r\n</p>\r\n<p>\r\n    <b>Tối ưu trải nghiệm chơi game với GeForce Experience: </b>\r\n    Với GeForce Experience, bạn sẽ có một trải nghiệm chơi game tối ưu nhất trên Asus TUF Gaming GeForce GTX 1650 4GB\r\n    GDDR6. Thông qua một giao diện trực quan, phần mềm này cung cấp hàng loạt các chức năng tiện lợi cho game thủ như\r\n    quay và chia sẻ video, ảnh chụp màn hình cũng như livestream trực tuyến với hạn bè. Ngoài ra, GeForce Experience còn\r\n    cho phép bạn nhanh chóng tìm kiếm trình điều khiển mới nhất và tối ưu hoá thiết lập game hoàn toàn tự động.\r\n</p>\r\n<p>\r\n    <b>Không lo bị nóng: </b>\r\n    Bên cạnh dàn tản nhiệt bằng nhôm kích thước lớn và nhiều ống đồng dẫn nhiệt tiếp xúc hoàn hảo với bề mặt của GPU,\r\n    Asus TUF Gaming GeForce GTX 1650 4GB GDDR6 còn có hai quạt làm mát với vòng bi sử dụng chất bôi trơn cấp hàng không\r\n    vũ trụ. Không chỉ ít gây ra tiếng ồn và tuổi thọ bền bỉ, những vòng bi này sẽ giúp hai quạt có được khả năng thổi\r\n    những luồng không khí mát tập trung đến khu vực tản nhiệt để nhanh chóng làm mát cho GPU. Vì vậy, bạn có thể yên tâm\r\n    chơi các tựa game yêu thích ở độ phân giải cao nhất mà không lo card đồ hoạ bị nóng lên quá nhiều.\r\n</p>\r\n<p>\r\n    <b>Tương thích tối đa: </b>\r\n    Tất cả các card đồ hoạ Asus TUF Gaming GeForce GTX 1650 4GB GDDR6 đều được sản xuất bằng một quy trình tự động dựa\r\n    trên công nghệ Auto-Extreme nổi tiếng. Bên cạnh đó, sản phẩm còn phải trải qua chương trình thử nghiệm 144 giờ nổi\r\n    tiếng của Asus để đảm bảo đáp ứng đầy đủ các tiêu chuẩn về hiệu năng và độ tin cậy. Kết hợp với hệ sinh thái sản\r\n    phẩm TUF Gaming và TUF Alliance rộng lớn, bạn có thể hoàn toàn yên tâm về khả năng tương thích của chiếc card đồ hoạ\r\n    này.\r\n</p>', '<p>\r\n    <b>Chip đồ họa:</b> GeForce GTX 1650\r\n</p>\r\n<p>\r\n    <b>Bộ nhớ:</b> 4 GB GDDR6\r\n</p>\r\n<p>\r\n    <b>OC Mode:</b> Boost 1620 MHz\r\n</p>\r\n<p>\r\n    <b>Gaming Mode:</b> Boost 1560 MHz\r\n</p>\r\n<p>\r\n    <b>Số lượng đơn vị xử lý:</b> 896 CUDA Cores\r\n</p>\r\n<p>\r\n    <b>Tản nhiệt:</b> 2 quạt\r\n</p>\r\n<p>\r\n    <b>Thương hiệu:</b> Asus\r\n</p>\r\n<p>\r\n    <b>Xuất sứ:</b> Đài Loan\r\n</p>\r\n<p>\r\n    <b>Thời gian bảo hành:</b> 36 tháng\r\n</p>'),
(18, 2, 2, 'Card đồ hoạ MSI RX 6600 MECH 2X 8G - 8GB GDDR6 - 128 bit', '000018', '15540000', '13990000', 1, 1, 20, 'v1.jpg', 'v1-1.jpg', 'v2-2.jpg', 'v2-3.jpg', '<p>\r\n    <b>Nhỏ gọn và bền bỉ: </b>\r\n    Asus TUF Gaming GeForce GTX 1650 4GB GDDR6 nổi bật với tỷ lệ kích thước hoàn hảo. Điều này giúp cho chiếc card đồ\r\n    hoạ này có thể lắp đặt vừa vặn bên trong hầu hết các vỏ case trên thị trường mà không chiếm nhiều không gian bên\r\n    trong. Vì vậy, quá trình xây dựng các hệ thống chơi game nhỏ gọn sẽ trở nên đơn giản hơn khi có sự góp mặt của GTX\r\n    1650. Bên cạnh đó, bạn cũng có thể yên tâm về mức độ bền bỉ của card đồ hoạ vì nó đã được xếp hạng IPX5 chống bụi và\r\n    gắn backplate kim loại ở ngay PCB phía sau.\r\n</p>\r\n<p>\r\n    <b>Chơi mọi thể loại game mà bạn yêu thích: </b>\r\n    GPU của Asus TUF Gaming GeForce GTX 1650 4GB GDDR6 được xây dựng dựa trên kiến NVIDIA Turing từng đoạt rất nhiều\r\n    giải thưởng. Kết hợp với 4GB bộ nhớ GDDR6 cực nhanh, chiếc card đồ hoạ này sẽ giúp bạn chơi mọi tựa game yêu thích ở\r\n    độ phân giải 1080p một cách mượt mà. Ngoài ra, sản phẩm còn hỗ trợ công nghệ hiển thị NVIDIA G-Sync cho trải nghiệm\r\n    FPS ổn định nhất, hạn chế tối đa hiện tượng xé khung hình trong các tựa game đòi hỏi phản xạ nhanh. Theo tính toán,\r\n    hiệu suất chơi game trên GeForce GTX 1650 sẽ nhanh gấp đôi so với GeForce GTX 950 và nhanh hơn tới 70% so với GTX\r\n    1050 trong các trò chơi mới nhất.\r\n</p>\r\n<p>\r\n    <b>Tối ưu trải nghiệm chơi game với GeForce Experience: </b>\r\n    Với GeForce Experience, bạn sẽ có một trải nghiệm chơi game tối ưu nhất trên Asus TUF Gaming GeForce GTX 1650 4GB\r\n    GDDR6. Thông qua một giao diện trực quan, phần mềm này cung cấp hàng loạt các chức năng tiện lợi cho game thủ như\r\n    quay và chia sẻ video, ảnh chụp màn hình cũng như livestream trực tuyến với hạn bè. Ngoài ra, GeForce Experience còn\r\n    cho phép bạn nhanh chóng tìm kiếm trình điều khiển mới nhất và tối ưu hoá thiết lập game hoàn toàn tự động.\r\n</p>\r\n<p>\r\n    <b>Không lo bị nóng: </b>\r\n    Bên cạnh dàn tản nhiệt bằng nhôm kích thước lớn và nhiều ống đồng dẫn nhiệt tiếp xúc hoàn hảo với bề mặt của GPU,\r\n    Asus TUF Gaming GeForce GTX 1650 4GB GDDR6 còn có hai quạt làm mát với vòng bi sử dụng chất bôi trơn cấp hàng không\r\n    vũ trụ. Không chỉ ít gây ra tiếng ồn và tuổi thọ bền bỉ, những vòng bi này sẽ giúp hai quạt có được khả năng thổi\r\n    những luồng không khí mát tập trung đến khu vực tản nhiệt để nhanh chóng làm mát cho GPU. Vì vậy, bạn có thể yên tâm\r\n    chơi các tựa game yêu thích ở độ phân giải cao nhất mà không lo card đồ hoạ bị nóng lên quá nhiều.\r\n</p>\r\n<p>\r\n    <b>Tương thích tối đa: </b>\r\n    Tất cả các card đồ hoạ Asus TUF Gaming GeForce GTX 1650 4GB GDDR6 đều được sản xuất bằng một quy trình tự động dựa\r\n    trên công nghệ Auto-Extreme nổi tiếng. Bên cạnh đó, sản phẩm còn phải trải qua chương trình thử nghiệm 144 giờ nổi\r\n    tiếng của Asus để đảm bảo đáp ứng đầy đủ các tiêu chuẩn về hiệu năng và độ tin cậy. Kết hợp với hệ sinh thái sản\r\n    phẩm TUF Gaming và TUF Alliance rộng lớn, bạn có thể hoàn toàn yên tâm về khả năng tương thích của chiếc card đồ hoạ\r\n    này.\r\n</p>', '<p>\r\n    <b>Chip đồ họa:</b> GeForce GTX 1650\r\n</p>\r\n<p>\r\n    <b>Bộ nhớ:</b> 4 GB GDDR6\r\n</p>\r\n<p>\r\n    <b>OC Mode:</b> Boost 1620 MHz\r\n</p>\r\n<p>\r\n    <b>Gaming Mode:</b> Boost 1560 MHz\r\n</p>\r\n<p>\r\n    <b>Số lượng đơn vị xử lý:</b> 896 CUDA Cores\r\n</p>\r\n<p>\r\n    <b>Tản nhiệt:</b> 2 quạt\r\n</p>\r\n<p>\r\n    <b>Thương hiệu:</b> Asus\r\n</p>\r\n<p>\r\n    <b>Xuất sứ:</b> Đài Loan\r\n</p>\r\n<p>\r\n    <b>Thời gian bảo hành:</b> 36 tháng\r\n</p>'),
(19, 2, 2, 'Card đồ hoạ Asus TUF GTX1660Ti EVO GAMING - 6GB GDDR6 - 256 bit', '000019', '14440000', '12999999', 1, 1, 20, 'v3.jpg', 'v3-1.jpg', 'v3-2.jpg', 'v3-3.jpg', '<p>\r\n    <b>Nhỏ gọn và bền bỉ: </b>\r\n    Asus TUF Gaming GeForce GTX 1650 4GB GDDR6 nổi bật với tỷ lệ kích thước hoàn hảo. Điều này giúp cho chiếc card đồ\r\n    hoạ này có thể lắp đặt vừa vặn bên trong hầu hết các vỏ case trên thị trường mà không chiếm nhiều không gian bên\r\n    trong. Vì vậy, quá trình xây dựng các hệ thống chơi game nhỏ gọn sẽ trở nên đơn giản hơn khi có sự góp mặt của GTX\r\n    1650. Bên cạnh đó, bạn cũng có thể yên tâm về mức độ bền bỉ của card đồ hoạ vì nó đã được xếp hạng IPX5 chống bụi và\r\n    gắn backplate kim loại ở ngay PCB phía sau.\r\n</p>\r\n<p>\r\n    <b>Chơi mọi thể loại game mà bạn yêu thích: </b>\r\n    GPU của Asus TUF Gaming GeForce GTX 1650 4GB GDDR6 được xây dựng dựa trên kiến NVIDIA Turing từng đoạt rất nhiều\r\n    giải thưởng. Kết hợp với 4GB bộ nhớ GDDR6 cực nhanh, chiếc card đồ hoạ này sẽ giúp bạn chơi mọi tựa game yêu thích ở\r\n    độ phân giải 1080p một cách mượt mà. Ngoài ra, sản phẩm còn hỗ trợ công nghệ hiển thị NVIDIA G-Sync cho trải nghiệm\r\n    FPS ổn định nhất, hạn chế tối đa hiện tượng xé khung hình trong các tựa game đòi hỏi phản xạ nhanh. Theo tính toán,\r\n    hiệu suất chơi game trên GeForce GTX 1650 sẽ nhanh gấp đôi so với GeForce GTX 950 và nhanh hơn tới 70% so với GTX\r\n    1050 trong các trò chơi mới nhất.\r\n</p>\r\n<p>\r\n    <b>Tối ưu trải nghiệm chơi game với GeForce Experience: </b>\r\n    Với GeForce Experience, bạn sẽ có một trải nghiệm chơi game tối ưu nhất trên Asus TUF Gaming GeForce GTX 1650 4GB\r\n    GDDR6. Thông qua một giao diện trực quan, phần mềm này cung cấp hàng loạt các chức năng tiện lợi cho game thủ như\r\n    quay và chia sẻ video, ảnh chụp màn hình cũng như livestream trực tuyến với hạn bè. Ngoài ra, GeForce Experience còn\r\n    cho phép bạn nhanh chóng tìm kiếm trình điều khiển mới nhất và tối ưu hoá thiết lập game hoàn toàn tự động.\r\n</p>\r\n<p>\r\n    <b>Không lo bị nóng: </b>\r\n    Bên cạnh dàn tản nhiệt bằng nhôm kích thước lớn và nhiều ống đồng dẫn nhiệt tiếp xúc hoàn hảo với bề mặt của GPU,\r\n    Asus TUF Gaming GeForce GTX 1650 4GB GDDR6 còn có hai quạt làm mát với vòng bi sử dụng chất bôi trơn cấp hàng không\r\n    vũ trụ. Không chỉ ít gây ra tiếng ồn và tuổi thọ bền bỉ, những vòng bi này sẽ giúp hai quạt có được khả năng thổi\r\n    những luồng không khí mát tập trung đến khu vực tản nhiệt để nhanh chóng làm mát cho GPU. Vì vậy, bạn có thể yên tâm\r\n    chơi các tựa game yêu thích ở độ phân giải cao nhất mà không lo card đồ hoạ bị nóng lên quá nhiều.\r\n</p>\r\n<p>\r\n    <b>Tương thích tối đa: </b>\r\n    Tất cả các card đồ hoạ Asus TUF Gaming GeForce GTX 1650 4GB GDDR6 đều được sản xuất bằng một quy trình tự động dựa\r\n    trên công nghệ Auto-Extreme nổi tiếng. Bên cạnh đó, sản phẩm còn phải trải qua chương trình thử nghiệm 144 giờ nổi\r\n    tiếng của Asus để đảm bảo đáp ứng đầy đủ các tiêu chuẩn về hiệu năng và độ tin cậy. Kết hợp với hệ sinh thái sản\r\n    phẩm TUF Gaming và TUF Alliance rộng lớn, bạn có thể hoàn toàn yên tâm về khả năng tương thích của chiếc card đồ hoạ\r\n    này.\r\n</p>', '<p>\r\n    <b>Chip đồ họa:</b> GeForce GTX 1650\r\n</p>\r\n<p>\r\n    <b>Bộ nhớ:</b> 4 GB GDDR6\r\n</p>\r\n<p>\r\n    <b>OC Mode:</b> Boost 1620 MHz\r\n</p>\r\n<p>\r\n    <b>Gaming Mode:</b> Boost 1560 MHz\r\n</p>\r\n<p>\r\n    <b>Số lượng đơn vị xử lý:</b> 896 CUDA Cores\r\n</p>\r\n<p>\r\n    <b>Tản nhiệt:</b> 2 quạt\r\n</p>\r\n<p>\r\n    <b>Thương hiệu:</b> Asus\r\n</p>\r\n<p>\r\n    <b>Xuất sứ:</b> Đài Loan\r\n</p>\r\n<p>\r\n    <b>Thời gian bảo hành:</b> 36 tháng\r\n</p>'),
(20, 2, 2, 'Card đồ hoạ Gigabyte N3070GAMING OC-8GD - 8GB GDDR6 - 256 bit', '000020', '25070000', '22563000', 1, 1, 20, 'v4.jpg', 'v4-1.jpg', 'v4-2.jpg', 'v4-3.jpg', '<p>\r\n    <b>Nhỏ gọn và bền bỉ: </b>\r\n    Asus TUF Gaming GeForce GTX 1650 4GB GDDR6 nổi bật với tỷ lệ kích thước hoàn hảo. Điều này giúp cho chiếc card đồ\r\n    hoạ này có thể lắp đặt vừa vặn bên trong hầu hết các vỏ case trên thị trường mà không chiếm nhiều không gian bên\r\n    trong. Vì vậy, quá trình xây dựng các hệ thống chơi game nhỏ gọn sẽ trở nên đơn giản hơn khi có sự góp mặt của GTX\r\n    1650. Bên cạnh đó, bạn cũng có thể yên tâm về mức độ bền bỉ của card đồ hoạ vì nó đã được xếp hạng IPX5 chống bụi và\r\n    gắn backplate kim loại ở ngay PCB phía sau.\r\n</p>\r\n<p>\r\n    <b>Chơi mọi thể loại game mà bạn yêu thích: </b>\r\n    GPU của Asus TUF Gaming GeForce GTX 1650 4GB GDDR6 được xây dựng dựa trên kiến NVIDIA Turing từng đoạt rất nhiều\r\n    giải thưởng. Kết hợp với 4GB bộ nhớ GDDR6 cực nhanh, chiếc card đồ hoạ này sẽ giúp bạn chơi mọi tựa game yêu thích ở\r\n    độ phân giải 1080p một cách mượt mà. Ngoài ra, sản phẩm còn hỗ trợ công nghệ hiển thị NVIDIA G-Sync cho trải nghiệm\r\n    FPS ổn định nhất, hạn chế tối đa hiện tượng xé khung hình trong các tựa game đòi hỏi phản xạ nhanh. Theo tính toán,\r\n    hiệu suất chơi game trên GeForce GTX 1650 sẽ nhanh gấp đôi so với GeForce GTX 950 và nhanh hơn tới 70% so với GTX\r\n    1050 trong các trò chơi mới nhất.\r\n</p>\r\n<p>\r\n    <b>Tối ưu trải nghiệm chơi game với GeForce Experience: </b>\r\n    Với GeForce Experience, bạn sẽ có một trải nghiệm chơi game tối ưu nhất trên Asus TUF Gaming GeForce GTX 1650 4GB\r\n    GDDR6. Thông qua một giao diện trực quan, phần mềm này cung cấp hàng loạt các chức năng tiện lợi cho game thủ như\r\n    quay và chia sẻ video, ảnh chụp màn hình cũng như livestream trực tuyến với hạn bè. Ngoài ra, GeForce Experience còn\r\n    cho phép bạn nhanh chóng tìm kiếm trình điều khiển mới nhất và tối ưu hoá thiết lập game hoàn toàn tự động.\r\n</p>\r\n<p>\r\n    <b>Không lo bị nóng: </b>\r\n    Bên cạnh dàn tản nhiệt bằng nhôm kích thước lớn và nhiều ống đồng dẫn nhiệt tiếp xúc hoàn hảo với bề mặt của GPU,\r\n    Asus TUF Gaming GeForce GTX 1650 4GB GDDR6 còn có hai quạt làm mát với vòng bi sử dụng chất bôi trơn cấp hàng không\r\n    vũ trụ. Không chỉ ít gây ra tiếng ồn và tuổi thọ bền bỉ, những vòng bi này sẽ giúp hai quạt có được khả năng thổi\r\n    những luồng không khí mát tập trung đến khu vực tản nhiệt để nhanh chóng làm mát cho GPU. Vì vậy, bạn có thể yên tâm\r\n    chơi các tựa game yêu thích ở độ phân giải cao nhất mà không lo card đồ hoạ bị nóng lên quá nhiều.\r\n</p>\r\n<p>\r\n    <b>Tương thích tối đa: </b>\r\n    Tất cả các card đồ hoạ Asus TUF Gaming GeForce GTX 1650 4GB GDDR6 đều được sản xuất bằng một quy trình tự động dựa\r\n    trên công nghệ Auto-Extreme nổi tiếng. Bên cạnh đó, sản phẩm còn phải trải qua chương trình thử nghiệm 144 giờ nổi\r\n    tiếng của Asus để đảm bảo đáp ứng đầy đủ các tiêu chuẩn về hiệu năng và độ tin cậy. Kết hợp với hệ sinh thái sản\r\n    phẩm TUF Gaming và TUF Alliance rộng lớn, bạn có thể hoàn toàn yên tâm về khả năng tương thích của chiếc card đồ hoạ\r\n    này.\r\n</p>', '<p>\r\n    <b>Chip đồ họa:</b> GeForce GTX 1650\r\n</p>\r\n<p>\r\n    <b>Bộ nhớ:</b> 4 GB GDDR6\r\n</p>\r\n<p>\r\n    <b>OC Mode:</b> Boost 1620 MHz\r\n</p>\r\n<p>\r\n    <b>Gaming Mode:</b> Boost 1560 MHz\r\n</p>\r\n<p>\r\n    <b>Số lượng đơn vị xử lý:</b> 896 CUDA Cores\r\n</p>\r\n<p>\r\n    <b>Tản nhiệt:</b> 2 quạt\r\n</p>\r\n<p>\r\n    <b>Thương hiệu:</b> Asus\r\n</p>\r\n<p>\r\n    <b>Xuất sứ:</b> Đài Loan\r\n</p>\r\n<p>\r\n    <b>Thời gian bảo hành:</b> 36 tháng\r\n</p>'),
(21, 3, 3, 'Ố cứng WD SSD 240GB Sata3 Green', '000021', '1000000', '900000', 1, 1, 30, 'h1.jpg', 'h6.jpg', 'h6-1.jpg', 'h6-3.jpg', '<p>\r\n    <b>Nhỏ gọn và bền bỉ: </b>\r\n    Toàn bộ các chi tiết của WD SSD 240GB Sata3 Green đều được hoàn thiện từ vật liệu cao cấp để mang lại khả năng vận\r\n    hành bền bỉ trong mọi điều kiện sử dụng. Với trọng lượng nhẹ và khả năng chống sốc, ổ cứng không sử dụng bất kỳ bộ\r\n    phận chuyển động nào, giúp bảo vệ an toàn dữ liệu trong trường hợp vô tình bị va đập hoặc bị rơi.\r\n\r\n    Thiết kế chống sốc còn cho phép chiếc ổ cứng SSD này chịu được hao mòn và hỏng hóc trong nhiều năm. Theo hãng, tuổi\r\n    thọ hoạt động của sản phẩm (MTTF) có thể lên tới 1,75 triệu giờ, tức là tương đương với khoảng 200 năm. Ngoài ra, WD\r\n    SSD 240GB Sata3 Green cũng hỗ trợ công nghệ tự sửa lỗi (ECC) để bảo vệ an toàn dữ liệu của bạn.\r\n</p>\r\n<p>\r\n    <b>Tối ưu hóa hiệu năng: </b>\r\n    Với chip nhớ TLC NAND, ổ cứng WD SSD 240GB Sata3 Green có thể giúp PC chạy nhiều ứng dụng đồng thời cùng một lúc nhờ\r\n    băng thông lớn. Nếu cấu hình máy tính của bạn đủ mạnh, ổ SSD này sẽ giúp hệ thống bung được hết sức mạnh của nó mà\r\n    không gặp phải bất cứ giới hạn nào. Do đó, việc chỉnh sửa video 4K, kiểm tra email, chơi game... đều có thể chạy\r\n    cùng lúc mà không có ứng dụng nào bị chậm lại.\r\n</p>\r\n<p>\r\n    <b>Khả năng tương thích rộng rãi, tiết kiệm điện năng: </b>\r\n    Ổ cứng WD SSD 240GB Sata3 Green có kích thước nhỏ gọn và đúng theo chuẩn 2,5 inch. Do đó, người dùng có thể thoải\r\n    mái sử dụng sản phẩm này để mở rộng thêm lưu trữ cho các hệ thống máy tính để bàn hoặc máy tính xách tay mà không\r\n    gặp bất cứ khó khăn nào, mang tới khả năng nâng cấp dễ dàng hơn rất nhiều.\r\n\r\n    Ngoài ra, ổ cứng WD SSD 240GB Sata3 Green còn được xếp vào những sản phẩm tiêu thụ điện năng ít nhất trên thị\r\n    trường.\r\n</p>\r\n<p>\r\n    <b>Hỗ trợ WD SSD Dashboard: </b>\r\n    Ổ cứng WD SSD 240GB Sata3 Green hỗ trợ phần mềm điều khiển WD SSD Dashboard (tải về miễn phí), giúp người dùng liên\r\n    tục theo dõi hiệu suất hoạt động và dung lượng lưu trữ.\r\n\r\n    Ngoài ra, phần mềm còn giúp người dùng dễ dàng duy trì hiệu suất cao nhất của ổ cứng trong hệ điều hành Windows với\r\n    giao diện điều khiển thân thiện với người dùng. Phần mềm bao gồm các công cụ để phân tích ổ cứng như loại ổ SSD,\r\n    dung lượng, tốc độ đọc ghi, phiên bản firmware và các thuộc tính SMART.\r\n</p>\r\n<p>\r\n    <b>Hiệu suất ấn tượng: </b>\r\n    Ổ cứng WD SSD 240GB Sata3 Green được cải tiến để mang lại tốc độ đọc ghi rất cao. Theo như nhà sản xuất công bố, sản\r\n    phẩm có tốc độ đọc lên tới 545 MB/s và tốc độ ghi lên tới 465 MB/s. Nhờ đó, ổ cứng có thể giúp các ứng dụng chạy\r\n    nhanh hơn, thời gian đáp ứng thấp hơn và tốc độ truyền tải dữ liệu siêu nhanh giữa các phân vùng khác nhau.\r\n\r\n    Với thiết bị lưu trữ này, dàn PC của bạn sẽ giống như có thêm một trợ thủ đắc lực để nâng cao trải nghiệm tổng thể\r\n    và tiết kiệm được rất nhiều thời gian mở ứng dụng hay truyền dữ liệu.\r\n</p>', '<p>\r\n    <b>Kiểu ổ cứng:</b> SSD\r\n</p>\r\n<p>\r\n    <b>Dung lượng ổ cứng:</b> 240 GB\r\n</p>\r\n<p>\r\n    <b>Tốc độ đọc/ghi:</b> Đọc 545 MB/s - Ghi 465 MB/s\r\n</p>\r\n<p>\r\n    <b>Chuẩn kết nối:</b> SATA 3\r\n</p>\r\n<p>\r\n    <b>Thương hiệu:</b> WD\r\n</p>\r\n<p>\r\n    <b>Xuất sứ:</b> MalaysiaTrung Quốc\r\n</p>\r\n<p>\r\n    <b>Thời gian bảo hành:</b> 36 tháng\r\n</p>'),
(22, 3, 3, 'Ổ cứng Lexar M2.2280 NVME 1TB_ LNM610-1TRB', '000022', '2260000', '2034000', 1, 1, 30, 'h2.jpg', 'h2-1.jpg', 'h2-2.jpg', 'h6-2.jpg', '<p>\r\n    <b>Nhỏ gọn và bền bỉ: </b>\r\n    Toàn bộ các chi tiết của WD SSD 240GB Sata3 Green đều được hoàn thiện từ vật liệu cao cấp để mang lại khả năng vận\r\n    hành bền bỉ trong mọi điều kiện sử dụng. Với trọng lượng nhẹ và khả năng chống sốc, ổ cứng không sử dụng bất kỳ bộ\r\n    phận chuyển động nào, giúp bảo vệ an toàn dữ liệu trong trường hợp vô tình bị va đập hoặc bị rơi.\r\n\r\n    Thiết kế chống sốc còn cho phép chiếc ổ cứng SSD này chịu được hao mòn và hỏng hóc trong nhiều năm. Theo hãng, tuổi\r\n    thọ hoạt động của sản phẩm (MTTF) có thể lên tới 1,75 triệu giờ, tức là tương đương với khoảng 200 năm. Ngoài ra, WD\r\n    SSD 240GB Sata3 Green cũng hỗ trợ công nghệ tự sửa lỗi (ECC) để bảo vệ an toàn dữ liệu của bạn.\r\n</p>\r\n<p>\r\n    <b>Tối ưu hóa hiệu năng: </b>\r\n    Với chip nhớ TLC NAND, ổ cứng WD SSD 240GB Sata3 Green có thể giúp PC chạy nhiều ứng dụng đồng thời cùng một lúc nhờ\r\n    băng thông lớn. Nếu cấu hình máy tính của bạn đủ mạnh, ổ SSD này sẽ giúp hệ thống bung được hết sức mạnh của nó mà\r\n    không gặp phải bất cứ giới hạn nào. Do đó, việc chỉnh sửa video 4K, kiểm tra email, chơi game... đều có thể chạy\r\n    cùng lúc mà không có ứng dụng nào bị chậm lại.\r\n</p>\r\n<p>\r\n    <b>Khả năng tương thích rộng rãi, tiết kiệm điện năng: </b>\r\n    Ổ cứng WD SSD 240GB Sata3 Green có kích thước nhỏ gọn và đúng theo chuẩn 2,5 inch. Do đó, người dùng có thể thoải\r\n    mái sử dụng sản phẩm này để mở rộng thêm lưu trữ cho các hệ thống máy tính để bàn hoặc máy tính xách tay mà không\r\n    gặp bất cứ khó khăn nào, mang tới khả năng nâng cấp dễ dàng hơn rất nhiều.\r\n\r\n    Ngoài ra, ổ cứng WD SSD 240GB Sata3 Green còn được xếp vào những sản phẩm tiêu thụ điện năng ít nhất trên thị\r\n    trường.\r\n</p>\r\n<p>\r\n    <b>Hỗ trợ WD SSD Dashboard: </b>\r\n    Ổ cứng WD SSD 240GB Sata3 Green hỗ trợ phần mềm điều khiển WD SSD Dashboard (tải về miễn phí), giúp người dùng liên\r\n    tục theo dõi hiệu suất hoạt động và dung lượng lưu trữ.\r\n\r\n    Ngoài ra, phần mềm còn giúp người dùng dễ dàng duy trì hiệu suất cao nhất của ổ cứng trong hệ điều hành Windows với\r\n    giao diện điều khiển thân thiện với người dùng. Phần mềm bao gồm các công cụ để phân tích ổ cứng như loại ổ SSD,\r\n    dung lượng, tốc độ đọc ghi, phiên bản firmware và các thuộc tính SMART.\r\n</p>\r\n<p>\r\n    <b>Hiệu suất ấn tượng: </b>\r\n    Ổ cứng WD SSD 240GB Sata3 Green được cải tiến để mang lại tốc độ đọc ghi rất cao. Theo như nhà sản xuất công bố, sản\r\n    phẩm có tốc độ đọc lên tới 545 MB/s và tốc độ ghi lên tới 465 MB/s. Nhờ đó, ổ cứng có thể giúp các ứng dụng chạy\r\n    nhanh hơn, thời gian đáp ứng thấp hơn và tốc độ truyền tải dữ liệu siêu nhanh giữa các phân vùng khác nhau.\r\n\r\n    Với thiết bị lưu trữ này, dàn PC của bạn sẽ giống như có thêm một trợ thủ đắc lực để nâng cao trải nghiệm tổng thể\r\n    và tiết kiệm được rất nhiều thời gian mở ứng dụng hay truyền dữ liệu.\r\n</p>', '<p>\r\n    <b>Kiểu ổ cứng:</b> SSD\r\n</p>\r\n<p>\r\n    <b>Dung lượng ổ cứng:</b> 240 GB\r\n</p>\r\n<p>\r\n    <b>Tốc độ đọc/ghi:</b> Đọc 545 MB/s - Ghi 465 MB/s\r\n</p>\r\n<p>\r\n    <b>Chuẩn kết nối:</b> SATA 3\r\n</p>\r\n<p>\r\n    <b>Thương hiệu:</b> WD\r\n</p>\r\n<p>\r\n    <b>Xuất sứ:</b> MalaysiaTrung Quốc\r\n</p>\r\n<p>\r\n    <b>Thời gian bảo hành:</b> 36 tháng\r\n</p>'),
(23, 3, 3, 'Ổ cứng Gigabyte GP-GSTFS31240GNTD 240GB (Sata 3)', '000023', '840000', '756000', 1, 1, 30, 'h3.jpg', 'h3-1.jpg', 'h3-2.jpg', 'h3-3.jpg', '<p>\r\n    <b>Nhỏ gọn và bền bỉ: </b>\r\n    Toàn bộ các chi tiết của WD SSD 240GB Sata3 Green đều được hoàn thiện từ vật liệu cao cấp để mang lại khả năng vận\r\n    hành bền bỉ trong mọi điều kiện sử dụng. Với trọng lượng nhẹ và khả năng chống sốc, ổ cứng không sử dụng bất kỳ bộ\r\n    phận chuyển động nào, giúp bảo vệ an toàn dữ liệu trong trường hợp vô tình bị va đập hoặc bị rơi.\r\n\r\n    Thiết kế chống sốc còn cho phép chiếc ổ cứng SSD này chịu được hao mòn và hỏng hóc trong nhiều năm. Theo hãng, tuổi\r\n    thọ hoạt động của sản phẩm (MTTF) có thể lên tới 1,75 triệu giờ, tức là tương đương với khoảng 200 năm. Ngoài ra, WD\r\n    SSD 240GB Sata3 Green cũng hỗ trợ công nghệ tự sửa lỗi (ECC) để bảo vệ an toàn dữ liệu của bạn.\r\n</p>\r\n<p>\r\n    <b>Tối ưu hóa hiệu năng: </b>\r\n    Với chip nhớ TLC NAND, ổ cứng WD SSD 240GB Sata3 Green có thể giúp PC chạy nhiều ứng dụng đồng thời cùng một lúc nhờ\r\n    băng thông lớn. Nếu cấu hình máy tính của bạn đủ mạnh, ổ SSD này sẽ giúp hệ thống bung được hết sức mạnh của nó mà\r\n    không gặp phải bất cứ giới hạn nào. Do đó, việc chỉnh sửa video 4K, kiểm tra email, chơi game... đều có thể chạy\r\n    cùng lúc mà không có ứng dụng nào bị chậm lại.\r\n</p>\r\n<p>\r\n    <b>Khả năng tương thích rộng rãi, tiết kiệm điện năng: </b>\r\n    Ổ cứng WD SSD 240GB Sata3 Green có kích thước nhỏ gọn và đúng theo chuẩn 2,5 inch. Do đó, người dùng có thể thoải\r\n    mái sử dụng sản phẩm này để mở rộng thêm lưu trữ cho các hệ thống máy tính để bàn hoặc máy tính xách tay mà không\r\n    gặp bất cứ khó khăn nào, mang tới khả năng nâng cấp dễ dàng hơn rất nhiều.\r\n\r\n    Ngoài ra, ổ cứng WD SSD 240GB Sata3 Green còn được xếp vào những sản phẩm tiêu thụ điện năng ít nhất trên thị\r\n    trường.\r\n</p>\r\n<p>\r\n    <b>Hỗ trợ WD SSD Dashboard: </b>\r\n    Ổ cứng WD SSD 240GB Sata3 Green hỗ trợ phần mềm điều khiển WD SSD Dashboard (tải về miễn phí), giúp người dùng liên\r\n    tục theo dõi hiệu suất hoạt động và dung lượng lưu trữ.\r\n\r\n    Ngoài ra, phần mềm còn giúp người dùng dễ dàng duy trì hiệu suất cao nhất của ổ cứng trong hệ điều hành Windows với\r\n    giao diện điều khiển thân thiện với người dùng. Phần mềm bao gồm các công cụ để phân tích ổ cứng như loại ổ SSD,\r\n    dung lượng, tốc độ đọc ghi, phiên bản firmware và các thuộc tính SMART.\r\n</p>\r\n<p>\r\n    <b>Hiệu suất ấn tượng: </b>\r\n    Ổ cứng WD SSD 240GB Sata3 Green được cải tiến để mang lại tốc độ đọc ghi rất cao. Theo như nhà sản xuất công bố, sản\r\n    phẩm có tốc độ đọc lên tới 545 MB/s và tốc độ ghi lên tới 465 MB/s. Nhờ đó, ổ cứng có thể giúp các ứng dụng chạy\r\n    nhanh hơn, thời gian đáp ứng thấp hơn và tốc độ truyền tải dữ liệu siêu nhanh giữa các phân vùng khác nhau.\r\n\r\n    Với thiết bị lưu trữ này, dàn PC của bạn sẽ giống như có thêm một trợ thủ đắc lực để nâng cao trải nghiệm tổng thể\r\n    và tiết kiệm được rất nhiều thời gian mở ứng dụng hay truyền dữ liệu.\r\n</p>', '<p>\r\n    <b>Kiểu ổ cứng:</b> SSD\r\n</p>\r\n<p>\r\n    <b>Dung lượng ổ cứng:</b> 240 GB\r\n</p>\r\n<p>\r\n    <b>Tốc độ đọc/ghi:</b> Đọc 545 MB/s - Ghi 465 MB/s\r\n</p>\r\n<p>\r\n    <b>Chuẩn kết nối:</b> SATA 3\r\n</p>\r\n<p>\r\n    <b>Thương hiệu:</b> WD\r\n</p>\r\n<p>\r\n    <b>Xuất sứ:</b> MalaysiaTrung Quốc\r\n</p>\r\n<p>\r\n    <b>Thời gian bảo hành:</b> 36 tháng\r\n</p>'),
(24, 3, 3, 'Ổ cứng SSD Blue WD 500GB Sata 3', '000024', '1870000', '1683000', 1, 1, 30, 'h4.jpg', 'h4-1.jpg', 'h4-3.jpg', 'h4-4.jpg', '<p>\r\n    <b>Nhỏ gọn và bền bỉ: </b>\r\n    Toàn bộ các chi tiết của WD SSD 240GB Sata3 Green đều được hoàn thiện từ vật liệu cao cấp để mang lại khả năng vận\r\n    hành bền bỉ trong mọi điều kiện sử dụng. Với trọng lượng nhẹ và khả năng chống sốc, ổ cứng không sử dụng bất kỳ bộ\r\n    phận chuyển động nào, giúp bảo vệ an toàn dữ liệu trong trường hợp vô tình bị va đập hoặc bị rơi.\r\n\r\n    Thiết kế chống sốc còn cho phép chiếc ổ cứng SSD này chịu được hao mòn và hỏng hóc trong nhiều năm. Theo hãng, tuổi\r\n    thọ hoạt động của sản phẩm (MTTF) có thể lên tới 1,75 triệu giờ, tức là tương đương với khoảng 200 năm. Ngoài ra, WD\r\n    SSD 240GB Sata3 Green cũng hỗ trợ công nghệ tự sửa lỗi (ECC) để bảo vệ an toàn dữ liệu của bạn.\r\n</p>\r\n<p>\r\n    <b>Tối ưu hóa hiệu năng: </b>\r\n    Với chip nhớ TLC NAND, ổ cứng WD SSD 240GB Sata3 Green có thể giúp PC chạy nhiều ứng dụng đồng thời cùng một lúc nhờ\r\n    băng thông lớn. Nếu cấu hình máy tính của bạn đủ mạnh, ổ SSD này sẽ giúp hệ thống bung được hết sức mạnh của nó mà\r\n    không gặp phải bất cứ giới hạn nào. Do đó, việc chỉnh sửa video 4K, kiểm tra email, chơi game... đều có thể chạy\r\n    cùng lúc mà không có ứng dụng nào bị chậm lại.\r\n</p>\r\n<p>\r\n    <b>Khả năng tương thích rộng rãi, tiết kiệm điện năng: </b>\r\n    Ổ cứng WD SSD 240GB Sata3 Green có kích thước nhỏ gọn và đúng theo chuẩn 2,5 inch. Do đó, người dùng có thể thoải\r\n    mái sử dụng sản phẩm này để mở rộng thêm lưu trữ cho các hệ thống máy tính để bàn hoặc máy tính xách tay mà không\r\n    gặp bất cứ khó khăn nào, mang tới khả năng nâng cấp dễ dàng hơn rất nhiều.\r\n\r\n    Ngoài ra, ổ cứng WD SSD 240GB Sata3 Green còn được xếp vào những sản phẩm tiêu thụ điện năng ít nhất trên thị\r\n    trường.\r\n</p>\r\n<p>\r\n    <b>Hỗ trợ WD SSD Dashboard: </b>\r\n    Ổ cứng WD SSD 240GB Sata3 Green hỗ trợ phần mềm điều khiển WD SSD Dashboard (tải về miễn phí), giúp người dùng liên\r\n    tục theo dõi hiệu suất hoạt động và dung lượng lưu trữ.\r\n\r\n    Ngoài ra, phần mềm còn giúp người dùng dễ dàng duy trì hiệu suất cao nhất của ổ cứng trong hệ điều hành Windows với\r\n    giao diện điều khiển thân thiện với người dùng. Phần mềm bao gồm các công cụ để phân tích ổ cứng như loại ổ SSD,\r\n    dung lượng, tốc độ đọc ghi, phiên bản firmware và các thuộc tính SMART.\r\n</p>\r\n<p>\r\n    <b>Hiệu suất ấn tượng: </b>\r\n    Ổ cứng WD SSD 240GB Sata3 Green được cải tiến để mang lại tốc độ đọc ghi rất cao. Theo như nhà sản xuất công bố, sản\r\n    phẩm có tốc độ đọc lên tới 545 MB/s và tốc độ ghi lên tới 465 MB/s. Nhờ đó, ổ cứng có thể giúp các ứng dụng chạy\r\n    nhanh hơn, thời gian đáp ứng thấp hơn và tốc độ truyền tải dữ liệu siêu nhanh giữa các phân vùng khác nhau.\r\n\r\n    Với thiết bị lưu trữ này, dàn PC của bạn sẽ giống như có thêm một trợ thủ đắc lực để nâng cao trải nghiệm tổng thể\r\n    và tiết kiệm được rất nhiều thời gian mở ứng dụng hay truyền dữ liệu.\r\n</p>', '<p>\r\n    <b>Kiểu ổ cứng:</b> SSD\r\n</p>\r\n<p>\r\n    <b>Dung lượng ổ cứng:</b> 240 GB\r\n</p>\r\n<p>\r\n    <b>Tốc độ đọc/ghi:</b> Đọc 545 MB/s - Ghi 465 MB/s\r\n</p>\r\n<p>\r\n    <b>Chuẩn kết nối:</b> SATA 3\r\n</p>\r\n<p>\r\n    <b>Thương hiệu:</b> WD\r\n</p>\r\n<p>\r\n    <b>Xuất sứ:</b> MalaysiaTrung Quốc\r\n</p>\r\n<p>\r\n    <b>Thời gian bảo hành:</b> 36 tháng\r\n</p>'),
(25, 3, 3, 'Ổ Cứng LEXAR M.2 2280 SATAII 256GB_LNM100-256RB', '000025', '890000', '801000', 1, 1, 30, 'h5.jpg', 'h5-1.jpg', 'h5-2.jpg', 'h5-3.jpg', '<p>\r\n    <b>Nhỏ gọn và bền bỉ: </b>\r\n    Toàn bộ các chi tiết của WD SSD 240GB Sata3 Green đều được hoàn thiện từ vật liệu cao cấp để mang lại khả năng vận\r\n    hành bền bỉ trong mọi điều kiện sử dụng. Với trọng lượng nhẹ và khả năng chống sốc, ổ cứng không sử dụng bất kỳ bộ\r\n    phận chuyển động nào, giúp bảo vệ an toàn dữ liệu trong trường hợp vô tình bị va đập hoặc bị rơi.\r\n\r\n    Thiết kế chống sốc còn cho phép chiếc ổ cứng SSD này chịu được hao mòn và hỏng hóc trong nhiều năm. Theo hãng, tuổi\r\n    thọ hoạt động của sản phẩm (MTTF) có thể lên tới 1,75 triệu giờ, tức là tương đương với khoảng 200 năm. Ngoài ra, WD\r\n    SSD 240GB Sata3 Green cũng hỗ trợ công nghệ tự sửa lỗi (ECC) để bảo vệ an toàn dữ liệu của bạn.\r\n</p>\r\n<p>\r\n    <b>Tối ưu hóa hiệu năng: </b>\r\n    Với chip nhớ TLC NAND, ổ cứng WD SSD 240GB Sata3 Green có thể giúp PC chạy nhiều ứng dụng đồng thời cùng một lúc nhờ\r\n    băng thông lớn. Nếu cấu hình máy tính của bạn đủ mạnh, ổ SSD này sẽ giúp hệ thống bung được hết sức mạnh của nó mà\r\n    không gặp phải bất cứ giới hạn nào. Do đó, việc chỉnh sửa video 4K, kiểm tra email, chơi game... đều có thể chạy\r\n    cùng lúc mà không có ứng dụng nào bị chậm lại.\r\n</p>\r\n<p>\r\n    <b>Khả năng tương thích rộng rãi, tiết kiệm điện năng: </b>\r\n    Ổ cứng WD SSD 240GB Sata3 Green có kích thước nhỏ gọn và đúng theo chuẩn 2,5 inch. Do đó, người dùng có thể thoải\r\n    mái sử dụng sản phẩm này để mở rộng thêm lưu trữ cho các hệ thống máy tính để bàn hoặc máy tính xách tay mà không\r\n    gặp bất cứ khó khăn nào, mang tới khả năng nâng cấp dễ dàng hơn rất nhiều.\r\n\r\n    Ngoài ra, ổ cứng WD SSD 240GB Sata3 Green còn được xếp vào những sản phẩm tiêu thụ điện năng ít nhất trên thị\r\n    trường.\r\n</p>\r\n<p>\r\n    <b>Hỗ trợ WD SSD Dashboard: </b>\r\n    Ổ cứng WD SSD 240GB Sata3 Green hỗ trợ phần mềm điều khiển WD SSD Dashboard (tải về miễn phí), giúp người dùng liên\r\n    tục theo dõi hiệu suất hoạt động và dung lượng lưu trữ.\r\n\r\n    Ngoài ra, phần mềm còn giúp người dùng dễ dàng duy trì hiệu suất cao nhất của ổ cứng trong hệ điều hành Windows với\r\n    giao diện điều khiển thân thiện với người dùng. Phần mềm bao gồm các công cụ để phân tích ổ cứng như loại ổ SSD,\r\n    dung lượng, tốc độ đọc ghi, phiên bản firmware và các thuộc tính SMART.\r\n</p>\r\n<p>\r\n    <b>Hiệu suất ấn tượng: </b>\r\n    Ổ cứng WD SSD 240GB Sata3 Green được cải tiến để mang lại tốc độ đọc ghi rất cao. Theo như nhà sản xuất công bố, sản\r\n    phẩm có tốc độ đọc lên tới 545 MB/s và tốc độ ghi lên tới 465 MB/s. Nhờ đó, ổ cứng có thể giúp các ứng dụng chạy\r\n    nhanh hơn, thời gian đáp ứng thấp hơn và tốc độ truyền tải dữ liệu siêu nhanh giữa các phân vùng khác nhau.\r\n\r\n    Với thiết bị lưu trữ này, dàn PC của bạn sẽ giống như có thêm một trợ thủ đắc lực để nâng cao trải nghiệm tổng thể\r\n    và tiết kiệm được rất nhiều thời gian mở ứng dụng hay truyền dữ liệu.\r\n</p>', '<p>\r\n    <b>Kiểu ổ cứng:</b> SSD\r\n</p>\r\n<p>\r\n    <b>Dung lượng ổ cứng:</b> 240 GB\r\n</p>\r\n<p>\r\n    <b>Tốc độ đọc/ghi:</b> Đọc 545 MB/s - Ghi 465 MB/s\r\n</p>\r\n<p>\r\n    <b>Chuẩn kết nối:</b> SATA 3\r\n</p>\r\n<p>\r\n    <b>Thương hiệu:</b> WD\r\n</p>\r\n<p>\r\n    <b>Xuất sứ:</b> MalaysiaTrung Quốc\r\n</p>\r\n<p>\r\n    <b>Thời gian bảo hành:</b> 36 tháng\r\n</p>'),
(26, 3, 3, 'Ổ ứng Gigabyte GP-GSTFS31120GNTD 120GB (Sata 3)', '000026', '570000', '513000', 1, 1, 30, 'h6.jpg', 'h6-1.jpg', 'h6-2.jpg', 'h6-4.jpg', '<p>\r\n    <b>Nhỏ gọn và bền bỉ: </b>\r\n    Toàn bộ các chi tiết của WD SSD 240GB Sata3 Green đều được hoàn thiện từ vật liệu cao cấp để mang lại khả năng vận\r\n    hành bền bỉ trong mọi điều kiện sử dụng. Với trọng lượng nhẹ và khả năng chống sốc, ổ cứng không sử dụng bất kỳ bộ\r\n    phận chuyển động nào, giúp bảo vệ an toàn dữ liệu trong trường hợp vô tình bị va đập hoặc bị rơi.\r\n\r\n    Thiết kế chống sốc còn cho phép chiếc ổ cứng SSD này chịu được hao mòn và hỏng hóc trong nhiều năm. Theo hãng, tuổi\r\n    thọ hoạt động của sản phẩm (MTTF) có thể lên tới 1,75 triệu giờ, tức là tương đương với khoảng 200 năm. Ngoài ra, WD\r\n    SSD 240GB Sata3 Green cũng hỗ trợ công nghệ tự sửa lỗi (ECC) để bảo vệ an toàn dữ liệu của bạn.\r\n</p>\r\n<p>\r\n    <b>Tối ưu hóa hiệu năng: </b>\r\n    Với chip nhớ TLC NAND, ổ cứng WD SSD 240GB Sata3 Green có thể giúp PC chạy nhiều ứng dụng đồng thời cùng một lúc nhờ\r\n    băng thông lớn. Nếu cấu hình máy tính của bạn đủ mạnh, ổ SSD này sẽ giúp hệ thống bung được hết sức mạnh của nó mà\r\n    không gặp phải bất cứ giới hạn nào. Do đó, việc chỉnh sửa video 4K, kiểm tra email, chơi game... đều có thể chạy\r\n    cùng lúc mà không có ứng dụng nào bị chậm lại.\r\n</p>\r\n<p>\r\n    <b>Khả năng tương thích rộng rãi, tiết kiệm điện năng: </b>\r\n    Ổ cứng WD SSD 240GB Sata3 Green có kích thước nhỏ gọn và đúng theo chuẩn 2,5 inch. Do đó, người dùng có thể thoải\r\n    mái sử dụng sản phẩm này để mở rộng thêm lưu trữ cho các hệ thống máy tính để bàn hoặc máy tính xách tay mà không\r\n    gặp bất cứ khó khăn nào, mang tới khả năng nâng cấp dễ dàng hơn rất nhiều.\r\n\r\n    Ngoài ra, ổ cứng WD SSD 240GB Sata3 Green còn được xếp vào những sản phẩm tiêu thụ điện năng ít nhất trên thị\r\n    trường.\r\n</p>\r\n<p>\r\n    <b>Hỗ trợ WD SSD Dashboard: </b>\r\n    Ổ cứng WD SSD 240GB Sata3 Green hỗ trợ phần mềm điều khiển WD SSD Dashboard (tải về miễn phí), giúp người dùng liên\r\n    tục theo dõi hiệu suất hoạt động và dung lượng lưu trữ.\r\n\r\n    Ngoài ra, phần mềm còn giúp người dùng dễ dàng duy trì hiệu suất cao nhất của ổ cứng trong hệ điều hành Windows với\r\n    giao diện điều khiển thân thiện với người dùng. Phần mềm bao gồm các công cụ để phân tích ổ cứng như loại ổ SSD,\r\n    dung lượng, tốc độ đọc ghi, phiên bản firmware và các thuộc tính SMART.\r\n</p>\r\n<p>\r\n    <b>Hiệu suất ấn tượng: </b>\r\n    Ổ cứng WD SSD 240GB Sata3 Green được cải tiến để mang lại tốc độ đọc ghi rất cao. Theo như nhà sản xuất công bố, sản\r\n    phẩm có tốc độ đọc lên tới 545 MB/s và tốc độ ghi lên tới 465 MB/s. Nhờ đó, ổ cứng có thể giúp các ứng dụng chạy\r\n    nhanh hơn, thời gian đáp ứng thấp hơn và tốc độ truyền tải dữ liệu siêu nhanh giữa các phân vùng khác nhau.\r\n\r\n    Với thiết bị lưu trữ này, dàn PC của bạn sẽ giống như có thêm một trợ thủ đắc lực để nâng cao trải nghiệm tổng thể\r\n    và tiết kiệm được rất nhiều thời gian mở ứng dụng hay truyền dữ liệu.\r\n</p>', '<p>\r\n    <b>Kiểu ổ cứng:</b> SSD\r\n</p>\r\n<p>\r\n    <b>Dung lượng ổ cứng:</b> 240 GB\r\n</p>\r\n<p>\r\n    <b>Tốc độ đọc/ghi:</b> Đọc 545 MB/s - Ghi 465 MB/s\r\n</p>\r\n<p>\r\n    <b>Chuẩn kết nối:</b> SATA 3\r\n</p>\r\n<p>\r\n    <b>Thương hiệu:</b> WD\r\n</p>\r\n<p>\r\n    <b>Xuất sứ:</b> MalaysiaTrung Quốc\r\n</p>\r\n<p>\r\n    <b>Thời gian bảo hành:</b> 36 tháng\r\n</p>');
INSERT INTO `tbl_product` (`product_id`, `homepro_id`, `category_id`, `product_name`, `product_msp`, `product_price`, `product_bestsale`, `product_active`, `product_besthot`, `product_quantity`, `product_img`, `product_img1`, `product_img2`, `product_img3`, `product_intro`, `product_info`) VALUES
(27, 3, 3, 'Ổ cứng 2.5\" SATAIII LEXAR 128GB_ LNS100 128RB', '000027', '520000', '468000', 1, 1, 30, 'h7.jpg', 'h7-1.jpg', 'h7-2.jpg', 'h7-3.jpg', '<p>\r\n    <b>Nhỏ gọn và bền bỉ: </b>\r\n    Toàn bộ các chi tiết của WD SSD 240GB Sata3 Green đều được hoàn thiện từ vật liệu cao cấp để mang lại khả năng vận\r\n    hành bền bỉ trong mọi điều kiện sử dụng. Với trọng lượng nhẹ và khả năng chống sốc, ổ cứng không sử dụng bất kỳ bộ\r\n    phận chuyển động nào, giúp bảo vệ an toàn dữ liệu trong trường hợp vô tình bị va đập hoặc bị rơi.\r\n\r\n    Thiết kế chống sốc còn cho phép chiếc ổ cứng SSD này chịu được hao mòn và hỏng hóc trong nhiều năm. Theo hãng, tuổi\r\n    thọ hoạt động của sản phẩm (MTTF) có thể lên tới 1,75 triệu giờ, tức là tương đương với khoảng 200 năm. Ngoài ra, WD\r\n    SSD 240GB Sata3 Green cũng hỗ trợ công nghệ tự sửa lỗi (ECC) để bảo vệ an toàn dữ liệu của bạn.\r\n</p>\r\n<p>\r\n    <b>Tối ưu hóa hiệu năng: </b>\r\n    Với chip nhớ TLC NAND, ổ cứng WD SSD 240GB Sata3 Green có thể giúp PC chạy nhiều ứng dụng đồng thời cùng một lúc nhờ\r\n    băng thông lớn. Nếu cấu hình máy tính của bạn đủ mạnh, ổ SSD này sẽ giúp hệ thống bung được hết sức mạnh của nó mà\r\n    không gặp phải bất cứ giới hạn nào. Do đó, việc chỉnh sửa video 4K, kiểm tra email, chơi game... đều có thể chạy\r\n    cùng lúc mà không có ứng dụng nào bị chậm lại.\r\n</p>\r\n<p>\r\n    <b>Khả năng tương thích rộng rãi, tiết kiệm điện năng: </b>\r\n    Ổ cứng WD SSD 240GB Sata3 Green có kích thước nhỏ gọn và đúng theo chuẩn 2,5 inch. Do đó, người dùng có thể thoải\r\n    mái sử dụng sản phẩm này để mở rộng thêm lưu trữ cho các hệ thống máy tính để bàn hoặc máy tính xách tay mà không\r\n    gặp bất cứ khó khăn nào, mang tới khả năng nâng cấp dễ dàng hơn rất nhiều.\r\n\r\n    Ngoài ra, ổ cứng WD SSD 240GB Sata3 Green còn được xếp vào những sản phẩm tiêu thụ điện năng ít nhất trên thị\r\n    trường.\r\n</p>\r\n<p>\r\n    <b>Hỗ trợ WD SSD Dashboard: </b>\r\n    Ổ cứng WD SSD 240GB Sata3 Green hỗ trợ phần mềm điều khiển WD SSD Dashboard (tải về miễn phí), giúp người dùng liên\r\n    tục theo dõi hiệu suất hoạt động và dung lượng lưu trữ.\r\n\r\n    Ngoài ra, phần mềm còn giúp người dùng dễ dàng duy trì hiệu suất cao nhất của ổ cứng trong hệ điều hành Windows với\r\n    giao diện điều khiển thân thiện với người dùng. Phần mềm bao gồm các công cụ để phân tích ổ cứng như loại ổ SSD,\r\n    dung lượng, tốc độ đọc ghi, phiên bản firmware và các thuộc tính SMART.\r\n</p>\r\n<p>\r\n    <b>Hiệu suất ấn tượng: </b>\r\n    Ổ cứng WD SSD 240GB Sata3 Green được cải tiến để mang lại tốc độ đọc ghi rất cao. Theo như nhà sản xuất công bố, sản\r\n    phẩm có tốc độ đọc lên tới 545 MB/s và tốc độ ghi lên tới 465 MB/s. Nhờ đó, ổ cứng có thể giúp các ứng dụng chạy\r\n    nhanh hơn, thời gian đáp ứng thấp hơn và tốc độ truyền tải dữ liệu siêu nhanh giữa các phân vùng khác nhau.\r\n\r\n    Với thiết bị lưu trữ này, dàn PC của bạn sẽ giống như có thêm một trợ thủ đắc lực để nâng cao trải nghiệm tổng thể\r\n    và tiết kiệm được rất nhiều thời gian mở ứng dụng hay truyền dữ liệu.\r\n</p>', '<p>\r\n    <b>Kiểu ổ cứng:</b> SSD\r\n</p>\r\n<p>\r\n    <b>Dung lượng ổ cứng:</b> 240 GB\r\n</p>\r\n<p>\r\n    <b>Tốc độ đọc/ghi:</b> Đọc 545 MB/s - Ghi 465 MB/s\r\n</p>\r\n<p>\r\n    <b>Chuẩn kết nối:</b> SATA 3\r\n</p>\r\n<p>\r\n    <b>Thương hiệu:</b> WD\r\n</p>\r\n<p>\r\n    <b>Xuất sứ:</b> MalaysiaTrung Quốc\r\n</p>\r\n<p>\r\n    <b>Thời gian bảo hành:</b> 36 tháng\r\n</p>'),
(28, 3, 3, 'Ổ cứng Western SSD 480GB Sata3, M2-2280 Green', '000028', '1550000', '1395000', 1, 1, 30, 'h2-1.jpg', 'h4-1.jpg', 'h3-2.jpg', 'h4-4.jpg', '<p>\r\n    <b>Nhỏ gọn và bền bỉ: </b>\r\n    Toàn bộ các chi tiết của WD SSD 240GB Sata3 Green đều được hoàn thiện từ vật liệu cao cấp để mang lại khả năng vận\r\n    hành bền bỉ trong mọi điều kiện sử dụng. Với trọng lượng nhẹ và khả năng chống sốc, ổ cứng không sử dụng bất kỳ bộ\r\n    phận chuyển động nào, giúp bảo vệ an toàn dữ liệu trong trường hợp vô tình bị va đập hoặc bị rơi.\r\n\r\n    Thiết kế chống sốc còn cho phép chiếc ổ cứng SSD này chịu được hao mòn và hỏng hóc trong nhiều năm. Theo hãng, tuổi\r\n    thọ hoạt động của sản phẩm (MTTF) có thể lên tới 1,75 triệu giờ, tức là tương đương với khoảng 200 năm. Ngoài ra, WD\r\n    SSD 240GB Sata3 Green cũng hỗ trợ công nghệ tự sửa lỗi (ECC) để bảo vệ an toàn dữ liệu của bạn.\r\n</p>\r\n<p>\r\n    <b>Tối ưu hóa hiệu năng: </b>\r\n    Với chip nhớ TLC NAND, ổ cứng WD SSD 240GB Sata3 Green có thể giúp PC chạy nhiều ứng dụng đồng thời cùng một lúc nhờ\r\n    băng thông lớn. Nếu cấu hình máy tính của bạn đủ mạnh, ổ SSD này sẽ giúp hệ thống bung được hết sức mạnh của nó mà\r\n    không gặp phải bất cứ giới hạn nào. Do đó, việc chỉnh sửa video 4K, kiểm tra email, chơi game... đều có thể chạy\r\n    cùng lúc mà không có ứng dụng nào bị chậm lại.\r\n</p>\r\n<p>\r\n    <b>Khả năng tương thích rộng rãi, tiết kiệm điện năng: </b>\r\n    Ổ cứng WD SSD 240GB Sata3 Green có kích thước nhỏ gọn và đúng theo chuẩn 2,5 inch. Do đó, người dùng có thể thoải\r\n    mái sử dụng sản phẩm này để mở rộng thêm lưu trữ cho các hệ thống máy tính để bàn hoặc máy tính xách tay mà không\r\n    gặp bất cứ khó khăn nào, mang tới khả năng nâng cấp dễ dàng hơn rất nhiều.\r\n\r\n    Ngoài ra, ổ cứng WD SSD 240GB Sata3 Green còn được xếp vào những sản phẩm tiêu thụ điện năng ít nhất trên thị\r\n    trường.\r\n</p>\r\n<p>\r\n    <b>Hỗ trợ WD SSD Dashboard: </b>\r\n    Ổ cứng WD SSD 240GB Sata3 Green hỗ trợ phần mềm điều khiển WD SSD Dashboard (tải về miễn phí), giúp người dùng liên\r\n    tục theo dõi hiệu suất hoạt động và dung lượng lưu trữ.\r\n\r\n    Ngoài ra, phần mềm còn giúp người dùng dễ dàng duy trì hiệu suất cao nhất của ổ cứng trong hệ điều hành Windows với\r\n    giao diện điều khiển thân thiện với người dùng. Phần mềm bao gồm các công cụ để phân tích ổ cứng như loại ổ SSD,\r\n    dung lượng, tốc độ đọc ghi, phiên bản firmware và các thuộc tính SMART.\r\n</p>\r\n<p>\r\n    <b>Hiệu suất ấn tượng: </b>\r\n    Ổ cứng WD SSD 240GB Sata3 Green được cải tiến để mang lại tốc độ đọc ghi rất cao. Theo như nhà sản xuất công bố, sản\r\n    phẩm có tốc độ đọc lên tới 545 MB/s và tốc độ ghi lên tới 465 MB/s. Nhờ đó, ổ cứng có thể giúp các ứng dụng chạy\r\n    nhanh hơn, thời gian đáp ứng thấp hơn và tốc độ truyền tải dữ liệu siêu nhanh giữa các phân vùng khác nhau.\r\n\r\n    Với thiết bị lưu trữ này, dàn PC của bạn sẽ giống như có thêm một trợ thủ đắc lực để nâng cao trải nghiệm tổng thể\r\n    và tiết kiệm được rất nhiều thời gian mở ứng dụng hay truyền dữ liệu.\r\n</p>', '<p>\r\n    <b>Kiểu ổ cứng:</b> SSD\r\n</p>\r\n<p>\r\n    <b>Dung lượng ổ cứng:</b> 240 GB\r\n</p>\r\n<p>\r\n    <b>Tốc độ đọc/ghi:</b> Đọc 545 MB/s - Ghi 465 MB/s\r\n</p>\r\n<p>\r\n    <b>Chuẩn kết nối:</b> SATA 3\r\n</p>\r\n<p>\r\n    <b>Thương hiệu:</b> WD\r\n</p>\r\n<p>\r\n    <b>Xuất sứ:</b> MalaysiaTrung Quốc\r\n</p>\r\n<p>\r\n    <b>Thời gian bảo hành:</b> 36 tháng\r\n</p>'),
(29, 3, 3, 'Ổ cứng Gigabyte GP-GSTFS31480GNTD 480GB (Sata 3)', '000029', '1420000', '1278000', 1, 1, 30, 'h6-1.jpg', 'h4-1.jpg', 'h3-2.jpg', 'h6-4.jpg', '<p>\r\n    <b>Nhỏ gọn và bền bỉ: </b>\r\n    Toàn bộ các chi tiết của WD SSD 240GB Sata3 Green đều được hoàn thiện từ vật liệu cao cấp để mang lại khả năng vận\r\n    hành bền bỉ trong mọi điều kiện sử dụng. Với trọng lượng nhẹ và khả năng chống sốc, ổ cứng không sử dụng bất kỳ bộ\r\n    phận chuyển động nào, giúp bảo vệ an toàn dữ liệu trong trường hợp vô tình bị va đập hoặc bị rơi.\r\n\r\n    Thiết kế chống sốc còn cho phép chiếc ổ cứng SSD này chịu được hao mòn và hỏng hóc trong nhiều năm. Theo hãng, tuổi\r\n    thọ hoạt động của sản phẩm (MTTF) có thể lên tới 1,75 triệu giờ, tức là tương đương với khoảng 200 năm. Ngoài ra, WD\r\n    SSD 240GB Sata3 Green cũng hỗ trợ công nghệ tự sửa lỗi (ECC) để bảo vệ an toàn dữ liệu của bạn.\r\n</p>\r\n<p>\r\n    <b>Tối ưu hóa hiệu năng: </b>\r\n    Với chip nhớ TLC NAND, ổ cứng WD SSD 240GB Sata3 Green có thể giúp PC chạy nhiều ứng dụng đồng thời cùng một lúc nhờ\r\n    băng thông lớn. Nếu cấu hình máy tính của bạn đủ mạnh, ổ SSD này sẽ giúp hệ thống bung được hết sức mạnh của nó mà\r\n    không gặp phải bất cứ giới hạn nào. Do đó, việc chỉnh sửa video 4K, kiểm tra email, chơi game... đều có thể chạy\r\n    cùng lúc mà không có ứng dụng nào bị chậm lại.\r\n</p>\r\n<p>\r\n    <b>Khả năng tương thích rộng rãi, tiết kiệm điện năng: </b>\r\n    Ổ cứng WD SSD 240GB Sata3 Green có kích thước nhỏ gọn và đúng theo chuẩn 2,5 inch. Do đó, người dùng có thể thoải\r\n    mái sử dụng sản phẩm này để mở rộng thêm lưu trữ cho các hệ thống máy tính để bàn hoặc máy tính xách tay mà không\r\n    gặp bất cứ khó khăn nào, mang tới khả năng nâng cấp dễ dàng hơn rất nhiều.\r\n\r\n    Ngoài ra, ổ cứng WD SSD 240GB Sata3 Green còn được xếp vào những sản phẩm tiêu thụ điện năng ít nhất trên thị\r\n    trường.\r\n</p>\r\n<p>\r\n    <b>Hỗ trợ WD SSD Dashboard: </b>\r\n    Ổ cứng WD SSD 240GB Sata3 Green hỗ trợ phần mềm điều khiển WD SSD Dashboard (tải về miễn phí), giúp người dùng liên\r\n    tục theo dõi hiệu suất hoạt động và dung lượng lưu trữ.\r\n\r\n    Ngoài ra, phần mềm còn giúp người dùng dễ dàng duy trì hiệu suất cao nhất của ổ cứng trong hệ điều hành Windows với\r\n    giao diện điều khiển thân thiện với người dùng. Phần mềm bao gồm các công cụ để phân tích ổ cứng như loại ổ SSD,\r\n    dung lượng, tốc độ đọc ghi, phiên bản firmware và các thuộc tính SMART.\r\n</p>\r\n<p>\r\n    <b>Hiệu suất ấn tượng: </b>\r\n    Ổ cứng WD SSD 240GB Sata3 Green được cải tiến để mang lại tốc độ đọc ghi rất cao. Theo như nhà sản xuất công bố, sản\r\n    phẩm có tốc độ đọc lên tới 545 MB/s và tốc độ ghi lên tới 465 MB/s. Nhờ đó, ổ cứng có thể giúp các ứng dụng chạy\r\n    nhanh hơn, thời gian đáp ứng thấp hơn và tốc độ truyền tải dữ liệu siêu nhanh giữa các phân vùng khác nhau.\r\n\r\n    Với thiết bị lưu trữ này, dàn PC của bạn sẽ giống như có thêm một trợ thủ đắc lực để nâng cao trải nghiệm tổng thể\r\n    và tiết kiệm được rất nhiều thời gian mở ứng dụng hay truyền dữ liệu.\r\n</p>', '<p>\r\n    <b>Kiểu ổ cứng:</b> SSD\r\n</p>\r\n<p>\r\n    <b>Dung lượng ổ cứng:</b> 240 GB\r\n</p>\r\n<p>\r\n    <b>Tốc độ đọc/ghi:</b> Đọc 545 MB/s - Ghi 465 MB/s\r\n</p>\r\n<p>\r\n    <b>Chuẩn kết nối:</b> SATA 3\r\n</p>\r\n<p>\r\n    <b>Thương hiệu:</b> WD\r\n</p>\r\n<p>\r\n    <b>Xuất sứ:</b> MalaysiaTrung Quốc\r\n</p>\r\n<p>\r\n    <b>Thời gian bảo hành:</b> 36 tháng\r\n</p>'),
(30, 3, 3, 'Ổ Cứng HDD WD Blue 2 TB SATA 3 - 7200 rpm (WD1003FZEX)', '000030', '1420000', '1278000', 1, 1, 30, 'h4-1.jpg', 'h5-1.jpg', 'h6-1.jpg', 'h3-3.jpg', '<p>\r\n    <b>Nhỏ gọn và bền bỉ: </b>\r\n    Toàn bộ các chi tiết của WD SSD 240GB Sata3 Green đều được hoàn thiện từ vật liệu cao cấp để mang lại khả năng vận\r\n    hành bền bỉ trong mọi điều kiện sử dụng. Với trọng lượng nhẹ và khả năng chống sốc, ổ cứng không sử dụng bất kỳ bộ\r\n    phận chuyển động nào, giúp bảo vệ an toàn dữ liệu trong trường hợp vô tình bị va đập hoặc bị rơi.\r\n\r\n    Thiết kế chống sốc còn cho phép chiếc ổ cứng SSD này chịu được hao mòn và hỏng hóc trong nhiều năm. Theo hãng, tuổi\r\n    thọ hoạt động của sản phẩm (MTTF) có thể lên tới 1,75 triệu giờ, tức là tương đương với khoảng 200 năm. Ngoài ra, WD\r\n    SSD 240GB Sata3 Green cũng hỗ trợ công nghệ tự sửa lỗi (ECC) để bảo vệ an toàn dữ liệu của bạn.\r\n</p>\r\n<p>\r\n    <b>Tối ưu hóa hiệu năng: </b>\r\n    Với chip nhớ TLC NAND, ổ cứng WD SSD 240GB Sata3 Green có thể giúp PC chạy nhiều ứng dụng đồng thời cùng một lúc nhờ\r\n    băng thông lớn. Nếu cấu hình máy tính của bạn đủ mạnh, ổ SSD này sẽ giúp hệ thống bung được hết sức mạnh của nó mà\r\n    không gặp phải bất cứ giới hạn nào. Do đó, việc chỉnh sửa video 4K, kiểm tra email, chơi game... đều có thể chạy\r\n    cùng lúc mà không có ứng dụng nào bị chậm lại.\r\n</p>\r\n<p>\r\n    <b>Khả năng tương thích rộng rãi, tiết kiệm điện năng: </b>\r\n    Ổ cứng WD SSD 240GB Sata3 Green có kích thước nhỏ gọn và đúng theo chuẩn 2,5 inch. Do đó, người dùng có thể thoải\r\n    mái sử dụng sản phẩm này để mở rộng thêm lưu trữ cho các hệ thống máy tính để bàn hoặc máy tính xách tay mà không\r\n    gặp bất cứ khó khăn nào, mang tới khả năng nâng cấp dễ dàng hơn rất nhiều.\r\n\r\n    Ngoài ra, ổ cứng WD SSD 240GB Sata3 Green còn được xếp vào những sản phẩm tiêu thụ điện năng ít nhất trên thị\r\n    trường.\r\n</p>\r\n<p>\r\n    <b>Hỗ trợ WD SSD Dashboard: </b>\r\n    Ổ cứng WD SSD 240GB Sata3 Green hỗ trợ phần mềm điều khiển WD SSD Dashboard (tải về miễn phí), giúp người dùng liên\r\n    tục theo dõi hiệu suất hoạt động và dung lượng lưu trữ.\r\n\r\n    Ngoài ra, phần mềm còn giúp người dùng dễ dàng duy trì hiệu suất cao nhất của ổ cứng trong hệ điều hành Windows với\r\n    giao diện điều khiển thân thiện với người dùng. Phần mềm bao gồm các công cụ để phân tích ổ cứng như loại ổ SSD,\r\n    dung lượng, tốc độ đọc ghi, phiên bản firmware và các thuộc tính SMART.\r\n</p>\r\n<p>\r\n    <b>Hiệu suất ấn tượng: </b>\r\n    Ổ cứng WD SSD 240GB Sata3 Green được cải tiến để mang lại tốc độ đọc ghi rất cao. Theo như nhà sản xuất công bố, sản\r\n    phẩm có tốc độ đọc lên tới 545 MB/s và tốc độ ghi lên tới 465 MB/s. Nhờ đó, ổ cứng có thể giúp các ứng dụng chạy\r\n    nhanh hơn, thời gian đáp ứng thấp hơn và tốc độ truyền tải dữ liệu siêu nhanh giữa các phân vùng khác nhau.\r\n\r\n    Với thiết bị lưu trữ này, dàn PC của bạn sẽ giống như có thêm một trợ thủ đắc lực để nâng cao trải nghiệm tổng thể\r\n    và tiết kiệm được rất nhiều thời gian mở ứng dụng hay truyền dữ liệu.\r\n</p>', '<p>\r\n    <b>Kiểu ổ cứng:</b> SSD\r\n</p>\r\n<p>\r\n    <b>Dung lượng ổ cứng:</b> 240 GB\r\n</p>\r\n<p>\r\n    <b>Tốc độ đọc/ghi:</b> Đọc 545 MB/s - Ghi 465 MB/s\r\n</p>\r\n<p>\r\n    <b>Chuẩn kết nối:</b> SATA 3\r\n</p>\r\n<p>\r\n    <b>Thương hiệu:</b> WD\r\n</p>\r\n<p>\r\n    <b>Xuất sứ:</b> MalaysiaTrung Quốc\r\n</p>\r\n<p>\r\n    <b>Thời gian bảo hành:</b> 36 tháng\r\n</p>'),
(31, 4, 4, 'Mainboard Asus PRIME H510M-K (LGA 1200 - m-ATX Form Factor - DDR4)', '000031', '1900000', '1710000', 1, 1, 40, 'mb1.jpg', 'mb1-2.jpg', 'mb1-3.jpg', 'mb1-4.jpg', '<p>\r\n    <b>Thiết kế toát lên vẻ hiện đại, tinh tế: </b>\r\n    Với ASROCK B560M Pro4, bạn sẽ sở hữu một bộ bo mạch chủ với cấu trúc và thiết kế toát lên vẻ hiện đại sắc sảo. Mỗi\r\n    bộ phận và chi tiết đều được thiết lập hợp lý, cho thấy độ hoàn thiện cao và thể hiện rõ kinh nghiệm dày dạn của nhà\r\n    sản xuất trong lĩnh vực linh kiện máy tính.\r\n\r\n    Phủ khắp B560M Pro4 là sự kết hợp của phối màu đồng và đen mờ đẹp mắt. Thiết kế PCB bằng vải thủy tinh mật độ cao sẽ\r\n    hạn chế sự cố chập điện do độ ẩm gây ra trong quá trình sử dụng.\r\n</p>\r\n<p>\r\n    <b>Hỗ trợ chip xử lý Intel Gen 10 và Gen 11: </b>\r\n    Bộ mainboard ASROCK B560M Pro4 cho phép bạn thoải mái nâng cấp PC với những chip xử lý mới và mạnh mẽ nhất đến từ\r\n    hai dòng Intel Gen 10 và Intel Gen 11. Sản phẩm được trang bị 8 pha nguồn với khả năng cung cấp năng lượng hoàn toàn\r\n    trơn tru cho CPU, đảm bảo hiệu suất cao và giữ nhiệt độ ổn định ở những tác vụ phức tạp như chơi game.\r\n</p>\r\n<p>\r\n    <b>Hệ thống tản nhiệt rộng khắp: </b>\r\n    Quan sát bo mạch chủ ASROCK B560M Pro4, bạn sẽ thấy nhà sản xuất bố trí hệ thống tản nhiệt nhôm rộng và bao phủ khắp\r\n    các vị trí cần thiết như VRM, SSD M2, chipset. Điều này không chỉ giúp PC vận hành hiệu quả hơn mà còn tạo thành\r\n    điểm nhấn về mặt thẩm mỹ với những đường nét cắt xẻ mạnh mẽ, khơi gợi cảm hứng gaming.\r\n</p>\r\n<p>\r\n    <b>Tích hợp sẵn 4 khe RAM DDR4: </b>\r\n    ASROCK B560M Pro4 được trang bị sẵn bốn khe cắm RAM DDR4 bus 4800MHz. Điểm đặc biệt của những khe cắm RAM trên B560M\r\n    Pro4 so với các thế hệ trước là khả năng hỗ trợ ép xung RAM. Đây là một lợi thế rất lớn để tối ưu hiệu năng thiết\r\n    bị. Việc hỗ trợ đẩy bus RAM lên cao sẽ tạo điều kiện thuận lợi cho dòng chảy dữ liệu bên trong hệ thống diễn ra trơn\r\n    tru và mượt mà hơn.\r\n</p>\r\n<p>\r\n    <b>Hỗ trợ ánh sáng đầy đủ với 5 cổng RGB: </b>\r\n    5 cổng xuất RGB trên bo mạch chủ ASROCK B560M Pro4 được thiết lập ở các vị trí khác nhau. Bạn có thể thoải mái trang\r\n    hoàng bộ máy tính của mình với các dải LED rực rỡ được kết nối tại nhiều nơi trong PC, sau đó tải về phần mềm\r\n    Polychrome RGB để thiết lập hệ thống ánh sáng theo cách riêng cho phù hợp với gu thẩm mỹ bản thân.\r\n</p>\r\n<p>\r\n    <b>Thỏa sức tăng tốc với SSD M.2 PCIe 4.0: </b>\r\n    Trên ASROCK B560M Pro4, bạn sẽ tìm thấy hai khe cắm SSD M.2, trong đó có một khe được thiết kế với tiêu chuẩn PCI\r\n    Express 4.0 M.2 có khả năng thực hiện tốc độ truy xuất dữ liệu gấp đôi so với thế hệ trước. Một số lợi ích của tiêu\r\n    chuẩn này bao gồm đảm bảo tín hiệu ổn định, thêm điểm neo và chốt chắc chắn hơn.\r\n</p>', '<p>\r\n    <b>Chipset:</b> Intel B560\r\n</p>\r\n<p>\r\n    <b>Socket:</b> LGA 1200\r\n</p>\r\n<p>\r\n    <b>Kích thước main:</b> m-ATX\r\n</p>\r\n<p>\r\n    <b>CPU hỗ trợ:</b> Intel\r\n</p>\r\n<p>\r\n    <b>Loại RAM:</b> DDR4\r\n</p>\r\n<p>\r\n    <b>PCI:</b> PCIe 4.0 x 16 slot 1, PCIe 3.0 x 1 slot 1, PCIe 3.0 x 16 slot 1\r\n</p>\r\n<p>\r\n    <b>Back panel:</b> 1 HDMI, 1 LAN, 2 USB 2.0, 4 USB 3.2\r\n</p>\r\n<p>\r\n    <b>Thương hiệu:</b> Asrock\r\n</p>\r\n<p>\r\n    <b>Thời gian bảo hành:</b> 36 tháng\r\n</p>'),
(32, 0, 4, 'Mainboard Asrock B560M PRO4 (LGA 1200 - m-ATX Form Factor - DDR4)', '000032', '2850000', '2565000', 1, 1, 40, 'mb2.jpg', 'mb2-2.jpg', 'mb2-3.jpg', 'mb2-4.jpg', '<p>\r\n    <b>Thiết kế toát lên vẻ hiện đại, tinh tế: </b>\r\n    Với ASROCK B560M Pro4, bạn sẽ sở hữu một bộ bo mạch chủ với cấu trúc và thiết kế toát lên vẻ hiện đại sắc sảo. Mỗi\r\n    bộ phận và chi tiết đều được thiết lập hợp lý, cho thấy độ hoàn thiện cao và thể hiện rõ kinh nghiệm dày dạn của nhà\r\n    sản xuất trong lĩnh vực linh kiện máy tính.\r\n\r\n    Phủ khắp B560M Pro4 là sự kết hợp của phối màu đồng và đen mờ đẹp mắt. Thiết kế PCB bằng vải thủy tinh mật độ cao sẽ\r\n    hạn chế sự cố chập điện do độ ẩm gây ra trong quá trình sử dụng.\r\n</p>\r\n<p>\r\n    <b>Hỗ trợ chip xử lý Intel Gen 10 và Gen 11: </b>\r\n    Bộ mainboard ASROCK B560M Pro4 cho phép bạn thoải mái nâng cấp PC với những chip xử lý mới và mạnh mẽ nhất đến từ\r\n    hai dòng Intel Gen 10 và Intel Gen 11. Sản phẩm được trang bị 8 pha nguồn với khả năng cung cấp năng lượng hoàn toàn\r\n    trơn tru cho CPU, đảm bảo hiệu suất cao và giữ nhiệt độ ổn định ở những tác vụ phức tạp như chơi game.\r\n</p>\r\n<p>\r\n    <b>Hệ thống tản nhiệt rộng khắp: </b>\r\n    Quan sát bo mạch chủ ASROCK B560M Pro4, bạn sẽ thấy nhà sản xuất bố trí hệ thống tản nhiệt nhôm rộng và bao phủ khắp\r\n    các vị trí cần thiết như VRM, SSD M2, chipset. Điều này không chỉ giúp PC vận hành hiệu quả hơn mà còn tạo thành\r\n    điểm nhấn về mặt thẩm mỹ với những đường nét cắt xẻ mạnh mẽ, khơi gợi cảm hứng gaming.\r\n</p>\r\n<p>\r\n    <b>Tích hợp sẵn 4 khe RAM DDR4: </b>\r\n    ASROCK B560M Pro4 được trang bị sẵn bốn khe cắm RAM DDR4 bus 4800MHz. Điểm đặc biệt của những khe cắm RAM trên B560M\r\n    Pro4 so với các thế hệ trước là khả năng hỗ trợ ép xung RAM. Đây là một lợi thế rất lớn để tối ưu hiệu năng thiết\r\n    bị. Việc hỗ trợ đẩy bus RAM lên cao sẽ tạo điều kiện thuận lợi cho dòng chảy dữ liệu bên trong hệ thống diễn ra trơn\r\n    tru và mượt mà hơn.\r\n</p>\r\n<p>\r\n    <b>Hỗ trợ ánh sáng đầy đủ với 5 cổng RGB: </b>\r\n    5 cổng xuất RGB trên bo mạch chủ ASROCK B560M Pro4 được thiết lập ở các vị trí khác nhau. Bạn có thể thoải mái trang\r\n    hoàng bộ máy tính của mình với các dải LED rực rỡ được kết nối tại nhiều nơi trong PC, sau đó tải về phần mềm\r\n    Polychrome RGB để thiết lập hệ thống ánh sáng theo cách riêng cho phù hợp với gu thẩm mỹ bản thân.\r\n</p>\r\n<p>\r\n    <b>Thỏa sức tăng tốc với SSD M.2 PCIe 4.0: </b>\r\n    Trên ASROCK B560M Pro4, bạn sẽ tìm thấy hai khe cắm SSD M.2, trong đó có một khe được thiết kế với tiêu chuẩn PCI\r\n    Express 4.0 M.2 có khả năng thực hiện tốc độ truy xuất dữ liệu gấp đôi so với thế hệ trước. Một số lợi ích của tiêu\r\n    chuẩn này bao gồm đảm bảo tín hiệu ổn định, thêm điểm neo và chốt chắc chắn hơn.\r\n</p>', '<p>\r\n    <b>Chipset:</b> Intel B560\r\n</p>\r\n<p>\r\n    <b>Socket:</b> LGA 1200\r\n</p>\r\n<p>\r\n    <b>Kích thước main:</b> m-ATX\r\n</p>\r\n<p>\r\n    <b>CPU hỗ trợ:</b> Intel\r\n</p>\r\n<p>\r\n    <b>Loại RAM:</b> DDR4\r\n</p>\r\n<p>\r\n    <b>PCI:</b> PCIe 4.0 x 16 slot 1, PCIe 3.0 x 1 slot 1, PCIe 3.0 x 16 slot 1\r\n</p>\r\n<p>\r\n    <b>Back panel:</b> 1 HDMI, 1 LAN, 2 USB 2.0, 4 USB 3.2\r\n</p>\r\n<p>\r\n    <b>Thương hiệu:</b> Asrock\r\n</p>\r\n<p>\r\n    <b>Thời gian bảo hành:</b> 36 tháng\r\n</p>'),
(33, 0, 4, 'Mainboard Gigabyte GA-H510M S2H (LGA 1200 - uATX - DDR4)', '000033', '2060000', '1854000', 1, 1, 40, 'mb3.jpg', 'mb3-2.jpg', 'mb3-3.jpg', 'mb3-4.jpg', '<p>\r\n    <b>Thiết kế toát lên vẻ hiện đại, tinh tế: </b>\r\n    Với ASROCK B560M Pro4, bạn sẽ sở hữu một bộ bo mạch chủ với cấu trúc và thiết kế toát lên vẻ hiện đại sắc sảo. Mỗi\r\n    bộ phận và chi tiết đều được thiết lập hợp lý, cho thấy độ hoàn thiện cao và thể hiện rõ kinh nghiệm dày dạn của nhà\r\n    sản xuất trong lĩnh vực linh kiện máy tính.\r\n\r\n    Phủ khắp B560M Pro4 là sự kết hợp của phối màu đồng và đen mờ đẹp mắt. Thiết kế PCB bằng vải thủy tinh mật độ cao sẽ\r\n    hạn chế sự cố chập điện do độ ẩm gây ra trong quá trình sử dụng.\r\n</p>\r\n<p>\r\n    <b>Hỗ trợ chip xử lý Intel Gen 10 và Gen 11: </b>\r\n    Bộ mainboard ASROCK B560M Pro4 cho phép bạn thoải mái nâng cấp PC với những chip xử lý mới và mạnh mẽ nhất đến từ\r\n    hai dòng Intel Gen 10 và Intel Gen 11. Sản phẩm được trang bị 8 pha nguồn với khả năng cung cấp năng lượng hoàn toàn\r\n    trơn tru cho CPU, đảm bảo hiệu suất cao và giữ nhiệt độ ổn định ở những tác vụ phức tạp như chơi game.\r\n</p>\r\n<p>\r\n    <b>Hệ thống tản nhiệt rộng khắp: </b>\r\n    Quan sát bo mạch chủ ASROCK B560M Pro4, bạn sẽ thấy nhà sản xuất bố trí hệ thống tản nhiệt nhôm rộng và bao phủ khắp\r\n    các vị trí cần thiết như VRM, SSD M2, chipset. Điều này không chỉ giúp PC vận hành hiệu quả hơn mà còn tạo thành\r\n    điểm nhấn về mặt thẩm mỹ với những đường nét cắt xẻ mạnh mẽ, khơi gợi cảm hứng gaming.\r\n</p>\r\n<p>\r\n    <b>Tích hợp sẵn 4 khe RAM DDR4: </b>\r\n    ASROCK B560M Pro4 được trang bị sẵn bốn khe cắm RAM DDR4 bus 4800MHz. Điểm đặc biệt của những khe cắm RAM trên B560M\r\n    Pro4 so với các thế hệ trước là khả năng hỗ trợ ép xung RAM. Đây là một lợi thế rất lớn để tối ưu hiệu năng thiết\r\n    bị. Việc hỗ trợ đẩy bus RAM lên cao sẽ tạo điều kiện thuận lợi cho dòng chảy dữ liệu bên trong hệ thống diễn ra trơn\r\n    tru và mượt mà hơn.\r\n</p>\r\n<p>\r\n    <b>Hỗ trợ ánh sáng đầy đủ với 5 cổng RGB: </b>\r\n    5 cổng xuất RGB trên bo mạch chủ ASROCK B560M Pro4 được thiết lập ở các vị trí khác nhau. Bạn có thể thoải mái trang\r\n    hoàng bộ máy tính của mình với các dải LED rực rỡ được kết nối tại nhiều nơi trong PC, sau đó tải về phần mềm\r\n    Polychrome RGB để thiết lập hệ thống ánh sáng theo cách riêng cho phù hợp với gu thẩm mỹ bản thân.\r\n</p>\r\n<p>\r\n    <b>Thỏa sức tăng tốc với SSD M.2 PCIe 4.0: </b>\r\n    Trên ASROCK B560M Pro4, bạn sẽ tìm thấy hai khe cắm SSD M.2, trong đó có một khe được thiết kế với tiêu chuẩn PCI\r\n    Express 4.0 M.2 có khả năng thực hiện tốc độ truy xuất dữ liệu gấp đôi so với thế hệ trước. Một số lợi ích của tiêu\r\n    chuẩn này bao gồm đảm bảo tín hiệu ổn định, thêm điểm neo và chốt chắc chắn hơn.\r\n</p>', '<p>\r\n    <b>Chipset:</b> Intel B560\r\n</p>\r\n<p>\r\n    <b>Socket:</b> LGA 1200\r\n</p>\r\n<p>\r\n    <b>Kích thước main:</b> m-ATX\r\n</p>\r\n<p>\r\n    <b>CPU hỗ trợ:</b> Intel\r\n</p>\r\n<p>\r\n    <b>Loại RAM:</b> DDR4\r\n</p>\r\n<p>\r\n    <b>PCI:</b> PCIe 4.0 x 16 slot 1, PCIe 3.0 x 1 slot 1, PCIe 3.0 x 16 slot 1\r\n</p>\r\n<p>\r\n    <b>Back panel:</b> 1 HDMI, 1 LAN, 2 USB 2.0, 4 USB 3.2\r\n</p>\r\n<p>\r\n    <b>Thương hiệu:</b> Asrock\r\n</p>\r\n<p>\r\n    <b>Thời gian bảo hành:</b> 36 tháng\r\n</p>'),
(34, 3, 4, 'Mainboard Asrock B560M-HDV (LGA 1200 - m-ATX Form Factor - DDR4)', '000034', '2280000', '2052000', 1, 1, 40, 'mb4.jpg', 'mb4-1.jpg', 'mb4-3.jpg', 'mb4-4.jpg', '<p>\r\n    <b>Thiết kế toát lên vẻ hiện đại, tinh tế: </b>\r\n    Với ASROCK B560M Pro4, bạn sẽ sở hữu một bộ bo mạch chủ với cấu trúc và thiết kế toát lên vẻ hiện đại sắc sảo. Mỗi\r\n    bộ phận và chi tiết đều được thiết lập hợp lý, cho thấy độ hoàn thiện cao và thể hiện rõ kinh nghiệm dày dạn của nhà\r\n    sản xuất trong lĩnh vực linh kiện máy tính.\r\n\r\n    Phủ khắp B560M Pro4 là sự kết hợp của phối màu đồng và đen mờ đẹp mắt. Thiết kế PCB bằng vải thủy tinh mật độ cao sẽ\r\n    hạn chế sự cố chập điện do độ ẩm gây ra trong quá trình sử dụng.\r\n</p>\r\n<p>\r\n    <b>Hỗ trợ chip xử lý Intel Gen 10 và Gen 11: </b>\r\n    Bộ mainboard ASROCK B560M Pro4 cho phép bạn thoải mái nâng cấp PC với những chip xử lý mới và mạnh mẽ nhất đến từ\r\n    hai dòng Intel Gen 10 và Intel Gen 11. Sản phẩm được trang bị 8 pha nguồn với khả năng cung cấp năng lượng hoàn toàn\r\n    trơn tru cho CPU, đảm bảo hiệu suất cao và giữ nhiệt độ ổn định ở những tác vụ phức tạp như chơi game.\r\n</p>\r\n<p>\r\n    <b>Hệ thống tản nhiệt rộng khắp: </b>\r\n    Quan sát bo mạch chủ ASROCK B560M Pro4, bạn sẽ thấy nhà sản xuất bố trí hệ thống tản nhiệt nhôm rộng và bao phủ khắp\r\n    các vị trí cần thiết như VRM, SSD M2, chipset. Điều này không chỉ giúp PC vận hành hiệu quả hơn mà còn tạo thành\r\n    điểm nhấn về mặt thẩm mỹ với những đường nét cắt xẻ mạnh mẽ, khơi gợi cảm hứng gaming.\r\n</p>\r\n<p>\r\n    <b>Tích hợp sẵn 4 khe RAM DDR4: </b>\r\n    ASROCK B560M Pro4 được trang bị sẵn bốn khe cắm RAM DDR4 bus 4800MHz. Điểm đặc biệt của những khe cắm RAM trên B560M\r\n    Pro4 so với các thế hệ trước là khả năng hỗ trợ ép xung RAM. Đây là một lợi thế rất lớn để tối ưu hiệu năng thiết\r\n    bị. Việc hỗ trợ đẩy bus RAM lên cao sẽ tạo điều kiện thuận lợi cho dòng chảy dữ liệu bên trong hệ thống diễn ra trơn\r\n    tru và mượt mà hơn.\r\n</p>\r\n<p>\r\n    <b>Hỗ trợ ánh sáng đầy đủ với 5 cổng RGB: </b>\r\n    5 cổng xuất RGB trên bo mạch chủ ASROCK B560M Pro4 được thiết lập ở các vị trí khác nhau. Bạn có thể thoải mái trang\r\n    hoàng bộ máy tính của mình với các dải LED rực rỡ được kết nối tại nhiều nơi trong PC, sau đó tải về phần mềm\r\n    Polychrome RGB để thiết lập hệ thống ánh sáng theo cách riêng cho phù hợp với gu thẩm mỹ bản thân.\r\n</p>\r\n<p>\r\n    <b>Thỏa sức tăng tốc với SSD M.2 PCIe 4.0: </b>\r\n    Trên ASROCK B560M Pro4, bạn sẽ tìm thấy hai khe cắm SSD M.2, trong đó có một khe được thiết kế với tiêu chuẩn PCI\r\n    Express 4.0 M.2 có khả năng thực hiện tốc độ truy xuất dữ liệu gấp đôi so với thế hệ trước. Một số lợi ích của tiêu\r\n    chuẩn này bao gồm đảm bảo tín hiệu ổn định, thêm điểm neo và chốt chắc chắn hơn.\r\n</p>', '<p>\r\n    <b>Chipset:</b> Intel B560\r\n</p>\r\n<p>\r\n    <b>Socket:</b> LGA 1200\r\n</p>\r\n<p>\r\n    <b>Kích thước main:</b> m-ATX\r\n</p>\r\n<p>\r\n    <b>CPU hỗ trợ:</b> Intel\r\n</p>\r\n<p>\r\n    <b>Loại RAM:</b> DDR4\r\n</p>\r\n<p>\r\n    <b>PCI:</b> PCIe 4.0 x 16 slot 1, PCIe 3.0 x 1 slot 1, PCIe 3.0 x 16 slot 1\r\n</p>\r\n<p>\r\n    <b>Back panel:</b> 1 HDMI, 1 LAN, 2 USB 2.0, 4 USB 3.2\r\n</p>\r\n<p>\r\n    <b>Thương hiệu:</b> Asrock\r\n</p>\r\n<p>\r\n    <b>Thời gian bảo hành:</b> 36 tháng\r\n</p>'),
(35, 0, 4, 'Mainboard MSI A320M-A PRO (AMD AM4 - m-ATX Form Factor - DDR4)', '000035', '1500000', '1350000', 1, 1, 40, 'mb5.jpg', 'mb5-1.jpg', 'mb5-3.jpg', 'mb5-4.jpg', '<p>\r\n    <b>Thiết kế toát lên vẻ hiện đại, tinh tế: </b>\r\n    Với ASROCK B560M Pro4, bạn sẽ sở hữu một bộ bo mạch chủ với cấu trúc và thiết kế toát lên vẻ hiện đại sắc sảo. Mỗi\r\n    bộ phận và chi tiết đều được thiết lập hợp lý, cho thấy độ hoàn thiện cao và thể hiện rõ kinh nghiệm dày dạn của nhà\r\n    sản xuất trong lĩnh vực linh kiện máy tính.\r\n\r\n    Phủ khắp B560M Pro4 là sự kết hợp của phối màu đồng và đen mờ đẹp mắt. Thiết kế PCB bằng vải thủy tinh mật độ cao sẽ\r\n    hạn chế sự cố chập điện do độ ẩm gây ra trong quá trình sử dụng.\r\n</p>\r\n<p>\r\n    <b>Hỗ trợ chip xử lý Intel Gen 10 và Gen 11: </b>\r\n    Bộ mainboard ASROCK B560M Pro4 cho phép bạn thoải mái nâng cấp PC với những chip xử lý mới và mạnh mẽ nhất đến từ\r\n    hai dòng Intel Gen 10 và Intel Gen 11. Sản phẩm được trang bị 8 pha nguồn với khả năng cung cấp năng lượng hoàn toàn\r\n    trơn tru cho CPU, đảm bảo hiệu suất cao và giữ nhiệt độ ổn định ở những tác vụ phức tạp như chơi game.\r\n</p>\r\n<p>\r\n    <b>Hệ thống tản nhiệt rộng khắp: </b>\r\n    Quan sát bo mạch chủ ASROCK B560M Pro4, bạn sẽ thấy nhà sản xuất bố trí hệ thống tản nhiệt nhôm rộng và bao phủ khắp\r\n    các vị trí cần thiết như VRM, SSD M2, chipset. Điều này không chỉ giúp PC vận hành hiệu quả hơn mà còn tạo thành\r\n    điểm nhấn về mặt thẩm mỹ với những đường nét cắt xẻ mạnh mẽ, khơi gợi cảm hứng gaming.\r\n</p>\r\n<p>\r\n    <b>Tích hợp sẵn 4 khe RAM DDR4: </b>\r\n    ASROCK B560M Pro4 được trang bị sẵn bốn khe cắm RAM DDR4 bus 4800MHz. Điểm đặc biệt của những khe cắm RAM trên B560M\r\n    Pro4 so với các thế hệ trước là khả năng hỗ trợ ép xung RAM. Đây là một lợi thế rất lớn để tối ưu hiệu năng thiết\r\n    bị. Việc hỗ trợ đẩy bus RAM lên cao sẽ tạo điều kiện thuận lợi cho dòng chảy dữ liệu bên trong hệ thống diễn ra trơn\r\n    tru và mượt mà hơn.\r\n</p>\r\n<p>\r\n    <b>Hỗ trợ ánh sáng đầy đủ với 5 cổng RGB: </b>\r\n    5 cổng xuất RGB trên bo mạch chủ ASROCK B560M Pro4 được thiết lập ở các vị trí khác nhau. Bạn có thể thoải mái trang\r\n    hoàng bộ máy tính của mình với các dải LED rực rỡ được kết nối tại nhiều nơi trong PC, sau đó tải về phần mềm\r\n    Polychrome RGB để thiết lập hệ thống ánh sáng theo cách riêng cho phù hợp với gu thẩm mỹ bản thân.\r\n</p>\r\n<p>\r\n    <b>Thỏa sức tăng tốc với SSD M.2 PCIe 4.0: </b>\r\n    Trên ASROCK B560M Pro4, bạn sẽ tìm thấy hai khe cắm SSD M.2, trong đó có một khe được thiết kế với tiêu chuẩn PCI\r\n    Express 4.0 M.2 có khả năng thực hiện tốc độ truy xuất dữ liệu gấp đôi so với thế hệ trước. Một số lợi ích của tiêu\r\n    chuẩn này bao gồm đảm bảo tín hiệu ổn định, thêm điểm neo và chốt chắc chắn hơn.\r\n</p>', '<p>\r\n    <b>Chipset:</b> Intel B560\r\n</p>\r\n<p>\r\n    <b>Socket:</b> LGA 1200\r\n</p>\r\n<p>\r\n    <b>Kích thước main:</b> m-ATX\r\n</p>\r\n<p>\r\n    <b>CPU hỗ trợ:</b> Intel\r\n</p>\r\n<p>\r\n    <b>Loại RAM:</b> DDR4\r\n</p>\r\n<p>\r\n    <b>PCI:</b> PCIe 4.0 x 16 slot 1, PCIe 3.0 x 1 slot 1, PCIe 3.0 x 16 slot 1\r\n</p>\r\n<p>\r\n    <b>Back panel:</b> 1 HDMI, 1 LAN, 2 USB 2.0, 4 USB 3.2\r\n</p>\r\n<p>\r\n    <b>Thương hiệu:</b> Asrock\r\n</p>\r\n<p>\r\n    <b>Thời gian bảo hành:</b> 36 tháng\r\n</p>'),
(36, 0, 4, 'Mainboard Asus A320M DVS ( AMD AM4 - m-ATX Form Factor - DDR4 )', '000036', '1330000', '1197000', 1, 1, 40, 'mb6.jpg', 'mb6-1.jpg', 'mb6-3.jpg', 'mb6-4.jpg', '<p>\r\n    <b>Thiết kế toát lên vẻ hiện đại, tinh tế: </b>\r\n    Với ASROCK B560M Pro4, bạn sẽ sở hữu một bộ bo mạch chủ với cấu trúc và thiết kế toát lên vẻ hiện đại sắc sảo. Mỗi\r\n    bộ phận và chi tiết đều được thiết lập hợp lý, cho thấy độ hoàn thiện cao và thể hiện rõ kinh nghiệm dày dạn của nhà\r\n    sản xuất trong lĩnh vực linh kiện máy tính.\r\n\r\n    Phủ khắp B560M Pro4 là sự kết hợp của phối màu đồng và đen mờ đẹp mắt. Thiết kế PCB bằng vải thủy tinh mật độ cao sẽ\r\n    hạn chế sự cố chập điện do độ ẩm gây ra trong quá trình sử dụng.\r\n</p>\r\n<p>\r\n    <b>Hỗ trợ chip xử lý Intel Gen 10 và Gen 11: </b>\r\n    Bộ mainboard ASROCK B560M Pro4 cho phép bạn thoải mái nâng cấp PC với những chip xử lý mới và mạnh mẽ nhất đến từ\r\n    hai dòng Intel Gen 10 và Intel Gen 11. Sản phẩm được trang bị 8 pha nguồn với khả năng cung cấp năng lượng hoàn toàn\r\n    trơn tru cho CPU, đảm bảo hiệu suất cao và giữ nhiệt độ ổn định ở những tác vụ phức tạp như chơi game.\r\n</p>\r\n<p>\r\n    <b>Hệ thống tản nhiệt rộng khắp: </b>\r\n    Quan sát bo mạch chủ ASROCK B560M Pro4, bạn sẽ thấy nhà sản xuất bố trí hệ thống tản nhiệt nhôm rộng và bao phủ khắp\r\n    các vị trí cần thiết như VRM, SSD M2, chipset. Điều này không chỉ giúp PC vận hành hiệu quả hơn mà còn tạo thành\r\n    điểm nhấn về mặt thẩm mỹ với những đường nét cắt xẻ mạnh mẽ, khơi gợi cảm hứng gaming.\r\n</p>\r\n<p>\r\n    <b>Tích hợp sẵn 4 khe RAM DDR4: </b>\r\n    ASROCK B560M Pro4 được trang bị sẵn bốn khe cắm RAM DDR4 bus 4800MHz. Điểm đặc biệt của những khe cắm RAM trên B560M\r\n    Pro4 so với các thế hệ trước là khả năng hỗ trợ ép xung RAM. Đây là một lợi thế rất lớn để tối ưu hiệu năng thiết\r\n    bị. Việc hỗ trợ đẩy bus RAM lên cao sẽ tạo điều kiện thuận lợi cho dòng chảy dữ liệu bên trong hệ thống diễn ra trơn\r\n    tru và mượt mà hơn.\r\n</p>\r\n<p>\r\n    <b>Hỗ trợ ánh sáng đầy đủ với 5 cổng RGB: </b>\r\n    5 cổng xuất RGB trên bo mạch chủ ASROCK B560M Pro4 được thiết lập ở các vị trí khác nhau. Bạn có thể thoải mái trang\r\n    hoàng bộ máy tính của mình với các dải LED rực rỡ được kết nối tại nhiều nơi trong PC, sau đó tải về phần mềm\r\n    Polychrome RGB để thiết lập hệ thống ánh sáng theo cách riêng cho phù hợp với gu thẩm mỹ bản thân.\r\n</p>\r\n<p>\r\n    <b>Thỏa sức tăng tốc với SSD M.2 PCIe 4.0: </b>\r\n    Trên ASROCK B560M Pro4, bạn sẽ tìm thấy hai khe cắm SSD M.2, trong đó có một khe được thiết kế với tiêu chuẩn PCI\r\n    Express 4.0 M.2 có khả năng thực hiện tốc độ truy xuất dữ liệu gấp đôi so với thế hệ trước. Một số lợi ích của tiêu\r\n    chuẩn này bao gồm đảm bảo tín hiệu ổn định, thêm điểm neo và chốt chắc chắn hơn.\r\n</p>', '<p>\r\n    <b>Chipset:</b> Intel B560\r\n</p>\r\n<p>\r\n    <b>Socket:</b> LGA 1200\r\n</p>\r\n<p>\r\n    <b>Kích thước main:</b> m-ATX\r\n</p>\r\n<p>\r\n    <b>CPU hỗ trợ:</b> Intel\r\n</p>\r\n<p>\r\n    <b>Loại RAM:</b> DDR4\r\n</p>\r\n<p>\r\n    <b>PCI:</b> PCIe 4.0 x 16 slot 1, PCIe 3.0 x 1 slot 1, PCIe 3.0 x 16 slot 1\r\n</p>\r\n<p>\r\n    <b>Back panel:</b> 1 HDMI, 1 LAN, 2 USB 2.0, 4 USB 3.2\r\n</p>\r\n<p>\r\n    <b>Thương hiệu:</b> Asrock\r\n</p>\r\n<p>\r\n    <b>Thời gian bảo hành:</b> 36 tháng\r\n</p>'),
(37, 3, 4, 'Mainboard MSI MAG B560M MORTAR ( LGA 1200 - Mirco-ATX From Factor - DDR4 )', '000037', '3980000', '3582000', 1, 1, 40, 'mb7.jpg', 'mb7-1.jpg', 'mb7-2.jpg', 'mb7-4.jpg', '<p>\r\n    <b>Thiết kế toát lên vẻ hiện đại, tinh tế: </b>\r\n    Với ASROCK B560M Pro4, bạn sẽ sở hữu một bộ bo mạch chủ với cấu trúc và thiết kế toát lên vẻ hiện đại sắc sảo. Mỗi\r\n    bộ phận và chi tiết đều được thiết lập hợp lý, cho thấy độ hoàn thiện cao và thể hiện rõ kinh nghiệm dày dạn của nhà\r\n    sản xuất trong lĩnh vực linh kiện máy tính.\r\n\r\n    Phủ khắp B560M Pro4 là sự kết hợp của phối màu đồng và đen mờ đẹp mắt. Thiết kế PCB bằng vải thủy tinh mật độ cao sẽ\r\n    hạn chế sự cố chập điện do độ ẩm gây ra trong quá trình sử dụng.\r\n</p>\r\n<p>\r\n    <b>Hỗ trợ chip xử lý Intel Gen 10 và Gen 11: </b>\r\n    Bộ mainboard ASROCK B560M Pro4 cho phép bạn thoải mái nâng cấp PC với những chip xử lý mới và mạnh mẽ nhất đến từ\r\n    hai dòng Intel Gen 10 và Intel Gen 11. Sản phẩm được trang bị 8 pha nguồn với khả năng cung cấp năng lượng hoàn toàn\r\n    trơn tru cho CPU, đảm bảo hiệu suất cao và giữ nhiệt độ ổn định ở những tác vụ phức tạp như chơi game.\r\n</p>\r\n<p>\r\n    <b>Hệ thống tản nhiệt rộng khắp: </b>\r\n    Quan sát bo mạch chủ ASROCK B560M Pro4, bạn sẽ thấy nhà sản xuất bố trí hệ thống tản nhiệt nhôm rộng và bao phủ khắp\r\n    các vị trí cần thiết như VRM, SSD M2, chipset. Điều này không chỉ giúp PC vận hành hiệu quả hơn mà còn tạo thành\r\n    điểm nhấn về mặt thẩm mỹ với những đường nét cắt xẻ mạnh mẽ, khơi gợi cảm hứng gaming.\r\n</p>\r\n<p>\r\n    <b>Tích hợp sẵn 4 khe RAM DDR4: </b>\r\n    ASROCK B560M Pro4 được trang bị sẵn bốn khe cắm RAM DDR4 bus 4800MHz. Điểm đặc biệt của những khe cắm RAM trên B560M\r\n    Pro4 so với các thế hệ trước là khả năng hỗ trợ ép xung RAM. Đây là một lợi thế rất lớn để tối ưu hiệu năng thiết\r\n    bị. Việc hỗ trợ đẩy bus RAM lên cao sẽ tạo điều kiện thuận lợi cho dòng chảy dữ liệu bên trong hệ thống diễn ra trơn\r\n    tru và mượt mà hơn.\r\n</p>\r\n<p>\r\n    <b>Hỗ trợ ánh sáng đầy đủ với 5 cổng RGB: </b>\r\n    5 cổng xuất RGB trên bo mạch chủ ASROCK B560M Pro4 được thiết lập ở các vị trí khác nhau. Bạn có thể thoải mái trang\r\n    hoàng bộ máy tính của mình với các dải LED rực rỡ được kết nối tại nhiều nơi trong PC, sau đó tải về phần mềm\r\n    Polychrome RGB để thiết lập hệ thống ánh sáng theo cách riêng cho phù hợp với gu thẩm mỹ bản thân.\r\n</p>\r\n<p>\r\n    <b>Thỏa sức tăng tốc với SSD M.2 PCIe 4.0: </b>\r\n    Trên ASROCK B560M Pro4, bạn sẽ tìm thấy hai khe cắm SSD M.2, trong đó có một khe được thiết kế với tiêu chuẩn PCI\r\n    Express 4.0 M.2 có khả năng thực hiện tốc độ truy xuất dữ liệu gấp đôi so với thế hệ trước. Một số lợi ích của tiêu\r\n    chuẩn này bao gồm đảm bảo tín hiệu ổn định, thêm điểm neo và chốt chắc chắn hơn.\r\n</p>', '<p>\r\n    <b>Chipset:</b> Intel B560\r\n</p>\r\n<p>\r\n    <b>Socket:</b> LGA 1200\r\n</p>\r\n<p>\r\n    <b>Kích thước main:</b> m-ATX\r\n</p>\r\n<p>\r\n    <b>CPU hỗ trợ:</b> Intel\r\n</p>\r\n<p>\r\n    <b>Loại RAM:</b> DDR4\r\n</p>\r\n<p>\r\n    <b>PCI:</b> PCIe 4.0 x 16 slot 1, PCIe 3.0 x 1 slot 1, PCIe 3.0 x 16 slot 1\r\n</p>\r\n<p>\r\n    <b>Back panel:</b> 1 HDMI, 1 LAN, 2 USB 2.0, 4 USB 3.2\r\n</p>\r\n<p>\r\n    <b>Thương hiệu:</b> Asrock\r\n</p>\r\n<p>\r\n    <b>Thời gian bảo hành:</b> 36 tháng\r\n</p>'),
(38, 0, 4, 'Mainboard Asus B560M-PLUS (LGA 1200 - Mirco-ATX From Factor - DDR4)', '000038', '3690000', '3321000', 1, 1, 40, 'mb8.jpg', 'mb8-1.jpg', 'mb8-2.jpg', 'mb8-3.jpg', '<p>\r\n    <b>Thiết kế toát lên vẻ hiện đại, tinh tế: </b>\r\n    Với ASROCK B560M Pro4, bạn sẽ sở hữu một bộ bo mạch chủ với cấu trúc và thiết kế toát lên vẻ hiện đại sắc sảo. Mỗi\r\n    bộ phận và chi tiết đều được thiết lập hợp lý, cho thấy độ hoàn thiện cao và thể hiện rõ kinh nghiệm dày dạn của nhà\r\n    sản xuất trong lĩnh vực linh kiện máy tính.\r\n\r\n    Phủ khắp B560M Pro4 là sự kết hợp của phối màu đồng và đen mờ đẹp mắt. Thiết kế PCB bằng vải thủy tinh mật độ cao sẽ\r\n    hạn chế sự cố chập điện do độ ẩm gây ra trong quá trình sử dụng.\r\n</p>\r\n<p>\r\n    <b>Hỗ trợ chip xử lý Intel Gen 10 và Gen 11: </b>\r\n    Bộ mainboard ASROCK B560M Pro4 cho phép bạn thoải mái nâng cấp PC với những chip xử lý mới và mạnh mẽ nhất đến từ\r\n    hai dòng Intel Gen 10 và Intel Gen 11. Sản phẩm được trang bị 8 pha nguồn với khả năng cung cấp năng lượng hoàn toàn\r\n    trơn tru cho CPU, đảm bảo hiệu suất cao và giữ nhiệt độ ổn định ở những tác vụ phức tạp như chơi game.\r\n</p>\r\n<p>\r\n    <b>Hệ thống tản nhiệt rộng khắp: </b>\r\n    Quan sát bo mạch chủ ASROCK B560M Pro4, bạn sẽ thấy nhà sản xuất bố trí hệ thống tản nhiệt nhôm rộng và bao phủ khắp\r\n    các vị trí cần thiết như VRM, SSD M2, chipset. Điều này không chỉ giúp PC vận hành hiệu quả hơn mà còn tạo thành\r\n    điểm nhấn về mặt thẩm mỹ với những đường nét cắt xẻ mạnh mẽ, khơi gợi cảm hứng gaming.\r\n</p>\r\n<p>\r\n    <b>Tích hợp sẵn 4 khe RAM DDR4: </b>\r\n    ASROCK B560M Pro4 được trang bị sẵn bốn khe cắm RAM DDR4 bus 4800MHz. Điểm đặc biệt của những khe cắm RAM trên B560M\r\n    Pro4 so với các thế hệ trước là khả năng hỗ trợ ép xung RAM. Đây là một lợi thế rất lớn để tối ưu hiệu năng thiết\r\n    bị. Việc hỗ trợ đẩy bus RAM lên cao sẽ tạo điều kiện thuận lợi cho dòng chảy dữ liệu bên trong hệ thống diễn ra trơn\r\n    tru và mượt mà hơn.\r\n</p>\r\n<p>\r\n    <b>Hỗ trợ ánh sáng đầy đủ với 5 cổng RGB: </b>\r\n    5 cổng xuất RGB trên bo mạch chủ ASROCK B560M Pro4 được thiết lập ở các vị trí khác nhau. Bạn có thể thoải mái trang\r\n    hoàng bộ máy tính của mình với các dải LED rực rỡ được kết nối tại nhiều nơi trong PC, sau đó tải về phần mềm\r\n    Polychrome RGB để thiết lập hệ thống ánh sáng theo cách riêng cho phù hợp với gu thẩm mỹ bản thân.\r\n</p>\r\n<p>\r\n    <b>Thỏa sức tăng tốc với SSD M.2 PCIe 4.0: </b>\r\n    Trên ASROCK B560M Pro4, bạn sẽ tìm thấy hai khe cắm SSD M.2, trong đó có một khe được thiết kế với tiêu chuẩn PCI\r\n    Express 4.0 M.2 có khả năng thực hiện tốc độ truy xuất dữ liệu gấp đôi so với thế hệ trước. Một số lợi ích của tiêu\r\n    chuẩn này bao gồm đảm bảo tín hiệu ổn định, thêm điểm neo và chốt chắc chắn hơn.\r\n</p>', '<p>\r\n    <b>Chipset:</b> Intel B560\r\n</p>\r\n<p>\r\n    <b>Socket:</b> LGA 1200\r\n</p>\r\n<p>\r\n    <b>Kích thước main:</b> m-ATX\r\n</p>\r\n<p>\r\n    <b>CPU hỗ trợ:</b> Intel\r\n</p>\r\n<p>\r\n    <b>Loại RAM:</b> DDR4\r\n</p>\r\n<p>\r\n    <b>PCI:</b> PCIe 4.0 x 16 slot 1, PCIe 3.0 x 1 slot 1, PCIe 3.0 x 16 slot 1\r\n</p>\r\n<p>\r\n    <b>Back panel:</b> 1 HDMI, 1 LAN, 2 USB 2.0, 4 USB 3.2\r\n</p>\r\n<p>\r\n    <b>Thương hiệu:</b> Asrock\r\n</p>\r\n<p>\r\n    <b>Thời gian bảo hành:</b> 36 tháng\r\n</p>'),
(39, 0, 4, 'Mainboard Asrock B450M PRO4-F R2.0 (AMD AM4 - m-ATX Form Factor - DDR4)', '000039', '1750000', '1575000', 1, 1, 40, 'mb9.jpg', 'mb9-1.jpg', 'mb9-2.jpg', 'mb9-4.jpg', '<p>\r\n    <b>Thiết kế toát lên vẻ hiện đại, tinh tế: </b>\r\n    Với ASROCK B560M Pro4, bạn sẽ sở hữu một bộ bo mạch chủ với cấu trúc và thiết kế toát lên vẻ hiện đại sắc sảo. Mỗi\r\n    bộ phận và chi tiết đều được thiết lập hợp lý, cho thấy độ hoàn thiện cao và thể hiện rõ kinh nghiệm dày dạn của nhà\r\n    sản xuất trong lĩnh vực linh kiện máy tính.\r\n\r\n    Phủ khắp B560M Pro4 là sự kết hợp của phối màu đồng và đen mờ đẹp mắt. Thiết kế PCB bằng vải thủy tinh mật độ cao sẽ\r\n    hạn chế sự cố chập điện do độ ẩm gây ra trong quá trình sử dụng.\r\n</p>\r\n<p>\r\n    <b>Hỗ trợ chip xử lý Intel Gen 10 và Gen 11: </b>\r\n    Bộ mainboard ASROCK B560M Pro4 cho phép bạn thoải mái nâng cấp PC với những chip xử lý mới và mạnh mẽ nhất đến từ\r\n    hai dòng Intel Gen 10 và Intel Gen 11. Sản phẩm được trang bị 8 pha nguồn với khả năng cung cấp năng lượng hoàn toàn\r\n    trơn tru cho CPU, đảm bảo hiệu suất cao và giữ nhiệt độ ổn định ở những tác vụ phức tạp như chơi game.\r\n</p>\r\n<p>\r\n    <b>Hệ thống tản nhiệt rộng khắp: </b>\r\n    Quan sát bo mạch chủ ASROCK B560M Pro4, bạn sẽ thấy nhà sản xuất bố trí hệ thống tản nhiệt nhôm rộng và bao phủ khắp\r\n    các vị trí cần thiết như VRM, SSD M2, chipset. Điều này không chỉ giúp PC vận hành hiệu quả hơn mà còn tạo thành\r\n    điểm nhấn về mặt thẩm mỹ với những đường nét cắt xẻ mạnh mẽ, khơi gợi cảm hứng gaming.\r\n</p>\r\n<p>\r\n    <b>Tích hợp sẵn 4 khe RAM DDR4: </b>\r\n    ASROCK B560M Pro4 được trang bị sẵn bốn khe cắm RAM DDR4 bus 4800MHz. Điểm đặc biệt của những khe cắm RAM trên B560M\r\n    Pro4 so với các thế hệ trước là khả năng hỗ trợ ép xung RAM. Đây là một lợi thế rất lớn để tối ưu hiệu năng thiết\r\n    bị. Việc hỗ trợ đẩy bus RAM lên cao sẽ tạo điều kiện thuận lợi cho dòng chảy dữ liệu bên trong hệ thống diễn ra trơn\r\n    tru và mượt mà hơn.\r\n</p>\r\n<p>\r\n    <b>Hỗ trợ ánh sáng đầy đủ với 5 cổng RGB: </b>\r\n    5 cổng xuất RGB trên bo mạch chủ ASROCK B560M Pro4 được thiết lập ở các vị trí khác nhau. Bạn có thể thoải mái trang\r\n    hoàng bộ máy tính của mình với các dải LED rực rỡ được kết nối tại nhiều nơi trong PC, sau đó tải về phần mềm\r\n    Polychrome RGB để thiết lập hệ thống ánh sáng theo cách riêng cho phù hợp với gu thẩm mỹ bản thân.\r\n</p>\r\n<p>\r\n    <b>Thỏa sức tăng tốc với SSD M.2 PCIe 4.0: </b>\r\n    Trên ASROCK B560M Pro4, bạn sẽ tìm thấy hai khe cắm SSD M.2, trong đó có một khe được thiết kế với tiêu chuẩn PCI\r\n    Express 4.0 M.2 có khả năng thực hiện tốc độ truy xuất dữ liệu gấp đôi so với thế hệ trước. Một số lợi ích của tiêu\r\n    chuẩn này bao gồm đảm bảo tín hiệu ổn định, thêm điểm neo và chốt chắc chắn hơn.\r\n</p>', '<p>\r\n    <b>Chipset:</b> Intel B560\r\n</p>\r\n<p>\r\n    <b>Socket:</b> LGA 1200\r\n</p>\r\n<p>\r\n    <b>Kích thước main:</b> m-ATX\r\n</p>\r\n<p>\r\n    <b>CPU hỗ trợ:</b> Intel\r\n</p>\r\n<p>\r\n    <b>Loại RAM:</b> DDR4\r\n</p>\r\n<p>\r\n    <b>PCI:</b> PCIe 4.0 x 16 slot 1, PCIe 3.0 x 1 slot 1, PCIe 3.0 x 16 slot 1\r\n</p>\r\n<p>\r\n    <b>Back panel:</b> 1 HDMI, 1 LAN, 2 USB 2.0, 4 USB 3.2\r\n</p>\r\n<p>\r\n    <b>Thương hiệu:</b> Asrock\r\n</p>\r\n<p>\r\n    <b>Thời gian bảo hành:</b> 36 tháng\r\n</p>'),
(40, 0, 4, 'Mainboard MSI MSI H510i PRO WIFI ( LGA 1200 - Mini-ITX From Factor - DDR4 )', '000040', '3880000', '3492000', 1, 1, 40, 'mb10.jpg', 'mb10-1.jpg', 'mb10-3.jpg', 'mb10-4.jpg', '<p>\r\n    <b>Thiết kế toát lên vẻ hiện đại, tinh tế: </b>\r\n    Với ASROCK B560M Pro4, bạn sẽ sở hữu một bộ bo mạch chủ với cấu trúc và thiết kế toát lên vẻ hiện đại sắc sảo. Mỗi\r\n    bộ phận và chi tiết đều được thiết lập hợp lý, cho thấy độ hoàn thiện cao và thể hiện rõ kinh nghiệm dày dạn của nhà\r\n    sản xuất trong lĩnh vực linh kiện máy tính.\r\n\r\n    Phủ khắp B560M Pro4 là sự kết hợp của phối màu đồng và đen mờ đẹp mắt. Thiết kế PCB bằng vải thủy tinh mật độ cao sẽ\r\n    hạn chế sự cố chập điện do độ ẩm gây ra trong quá trình sử dụng.\r\n</p>\r\n<p>\r\n    <b>Hỗ trợ chip xử lý Intel Gen 10 và Gen 11: </b>\r\n    Bộ mainboard ASROCK B560M Pro4 cho phép bạn thoải mái nâng cấp PC với những chip xử lý mới và mạnh mẽ nhất đến từ\r\n    hai dòng Intel Gen 10 và Intel Gen 11. Sản phẩm được trang bị 8 pha nguồn với khả năng cung cấp năng lượng hoàn toàn\r\n    trơn tru cho CPU, đảm bảo hiệu suất cao và giữ nhiệt độ ổn định ở những tác vụ phức tạp như chơi game.\r\n</p>\r\n<p>\r\n    <b>Hệ thống tản nhiệt rộng khắp: </b>\r\n    Quan sát bo mạch chủ ASROCK B560M Pro4, bạn sẽ thấy nhà sản xuất bố trí hệ thống tản nhiệt nhôm rộng và bao phủ khắp\r\n    các vị trí cần thiết như VRM, SSD M2, chipset. Điều này không chỉ giúp PC vận hành hiệu quả hơn mà còn tạo thành\r\n    điểm nhấn về mặt thẩm mỹ với những đường nét cắt xẻ mạnh mẽ, khơi gợi cảm hứng gaming.\r\n</p>\r\n<p>\r\n    <b>Tích hợp sẵn 4 khe RAM DDR4: </b>\r\n    ASROCK B560M Pro4 được trang bị sẵn bốn khe cắm RAM DDR4 bus 4800MHz. Điểm đặc biệt của những khe cắm RAM trên B560M\r\n    Pro4 so với các thế hệ trước là khả năng hỗ trợ ép xung RAM. Đây là một lợi thế rất lớn để tối ưu hiệu năng thiết\r\n    bị. Việc hỗ trợ đẩy bus RAM lên cao sẽ tạo điều kiện thuận lợi cho dòng chảy dữ liệu bên trong hệ thống diễn ra trơn\r\n    tru và mượt mà hơn.\r\n</p>\r\n<p>\r\n    <b>Hỗ trợ ánh sáng đầy đủ với 5 cổng RGB: </b>\r\n    5 cổng xuất RGB trên bo mạch chủ ASROCK B560M Pro4 được thiết lập ở các vị trí khác nhau. Bạn có thể thoải mái trang\r\n    hoàng bộ máy tính của mình với các dải LED rực rỡ được kết nối tại nhiều nơi trong PC, sau đó tải về phần mềm\r\n    Polychrome RGB để thiết lập hệ thống ánh sáng theo cách riêng cho phù hợp với gu thẩm mỹ bản thân.\r\n</p>\r\n<p>\r\n    <b>Thỏa sức tăng tốc với SSD M.2 PCIe 4.0: </b>\r\n    Trên ASROCK B560M Pro4, bạn sẽ tìm thấy hai khe cắm SSD M.2, trong đó có một khe được thiết kế với tiêu chuẩn PCI\r\n    Express 4.0 M.2 có khả năng thực hiện tốc độ truy xuất dữ liệu gấp đôi so với thế hệ trước. Một số lợi ích của tiêu\r\n    chuẩn này bao gồm đảm bảo tín hiệu ổn định, thêm điểm neo và chốt chắc chắn hơn.\r\n</p>', '<p>\r\n    <b>Chipset:</b> Intel B560\r\n</p>\r\n<p>\r\n    <b>Socket:</b> LGA 1200\r\n</p>\r\n<p>\r\n    <b>Kích thước main:</b> m-ATX\r\n</p>\r\n<p>\r\n    <b>CPU hỗ trợ:</b> Intel\r\n</p>\r\n<p>\r\n    <b>Loại RAM:</b> DDR4\r\n</p>\r\n<p>\r\n    <b>PCI:</b> PCIe 4.0 x 16 slot 1, PCIe 3.0 x 1 slot 1, PCIe 3.0 x 16 slot 1\r\n</p>\r\n<p>\r\n    <b>Back panel:</b> 1 HDMI, 1 LAN, 2 USB 2.0, 4 USB 3.2\r\n</p>\r\n<p>\r\n    <b>Thương hiệu:</b> Asrock\r\n</p>\r\n<p>\r\n    <b>Thời gian bảo hành:</b> 36 tháng\r\n</p>'),
(41, 0, 5, 'CPU Intel Core i5-11400', '000041', '6230000', '5607000', 1, 1, 50, 'c1.jpg', 'c1-1.jpg', 'c1-2.jpg', 'c1-3.jpg', '<p>\r\n    <b>Tính năng: </b>\r\n    - GPU tích hợp\r\n    - Tản nhiệt kèm theo\r\n    - Hỗ trợ Siêu phân luồng\r\n    - Hỗ trợ 64-bit\r\n    - Hỗ trợ công nghệ ảo hóa\r\n</p>', '<p>\r\n    <b>Hãng CPU:</b> Intel\r\n</p>\r\n<p>\r\n    <b>Loại CPU:</b> Core i5 - 11400F\r\n</p>\r\n<p>\r\n    <b>Tên thế hệ:</b> Rocket Lake\r\n</p>\r\n<p>\r\n    <b>Socket:</b> LGA 1200\r\n</p>\r\n<p>\r\n    <b>Số nhân:</b> 6\r\n</p>\r\n<p>\r\n    <b>Số luồng:</b> 12\r\n</p>\r\n<p>\r\n    <b>Tốc độ xử lý:</b> Cơ bản 2.6 GHz, Tối đa 4.4 GHz\r\n</p>\r\n<p>\r\n    <b>Cache:</b> 12 MB\r\n</p>\r\n<p>\r\n    <b>TDP:</b> 65 W\r\n</p>\r\n<p>\r\n    <b>Thời gian bảo hành:</b> 36 tháng\r\n</p>'),
(42, 0, 5, 'CPU AMD Ryzen 5 5600G', '000042', '7820000', '7038000', 1, 1, 50, 'c2.jpg', 'c2-1.jpg', 'c2-2.jpg', 'c5-1.jpg', '<p>\r\n    <b>Tính năng: </b>\r\n    - GPU tích hợp\r\n    - Tản nhiệt kèm theo\r\n    - Hỗ trợ Siêu phân luồng\r\n    - Hỗ trợ 64-bit\r\n    - Hỗ trợ công nghệ ảo hóa\r\n</p>', '<p>\r\n    <b>Hãng CPU:</b> Intel\r\n</p>\r\n<p>\r\n    <b>Loại CPU:</b> Core i5 - 11400F\r\n</p>\r\n<p>\r\n    <b>Tên thế hệ:</b> Rocket Lake\r\n</p>\r\n<p>\r\n    <b>Socket:</b> LGA 1200\r\n</p>\r\n<p>\r\n    <b>Số nhân:</b> 6\r\n</p>\r\n<p>\r\n    <b>Số luồng:</b> 12\r\n</p>\r\n<p>\r\n    <b>Tốc độ xử lý:</b> Cơ bản 2.6 GHz, Tối đa 4.4 GHz\r\n</p>\r\n<p>\r\n    <b>Cache:</b> 12 MB\r\n</p>\r\n<p>\r\n    <b>TDP:</b> 65 W\r\n</p>\r\n<p>\r\n    <b>Thời gian bảo hành:</b> 36 tháng\r\n</p>');
INSERT INTO `tbl_product` (`product_id`, `homepro_id`, `category_id`, `product_name`, `product_msp`, `product_price`, `product_bestsale`, `product_active`, `product_besthot`, `product_quantity`, `product_img`, `product_img1`, `product_img2`, `product_img3`, `product_intro`, `product_info`) VALUES
(43, 0, 5, 'CPU Intel Core i3 - 10105', '000043', '3530000', '3177000', 1, 1, 50, 'c3.jpg', 'c3-1.jpg', 'c3-3.jpg', 'c3-4.jpg', '<p>\r\n    <b>Tính năng: </b>\r\n    - GPU tích hợp\r\n    - Tản nhiệt kèm theo\r\n    - Hỗ trợ Siêu phân luồng\r\n    - Hỗ trợ 64-bit\r\n    - Hỗ trợ công nghệ ảo hóa\r\n</p>', '<p>\r\n    <b>Hãng CPU:</b> Intel\r\n</p>\r\n<p>\r\n    <b>Loại CPU:</b> Core i5 - 11400F\r\n</p>\r\n<p>\r\n    <b>Tên thế hệ:</b> Rocket Lake\r\n</p>\r\n<p>\r\n    <b>Socket:</b> LGA 1200\r\n</p>\r\n<p>\r\n    <b>Số nhân:</b> 6\r\n</p>\r\n<p>\r\n    <b>Số luồng:</b> 12\r\n</p>\r\n<p>\r\n    <b>Tốc độ xử lý:</b> Cơ bản 2.6 GHz, Tối đa 4.4 GHz\r\n</p>\r\n<p>\r\n    <b>Cache:</b> 12 MB\r\n</p>\r\n<p>\r\n    <b>TDP:</b> 65 W\r\n</p>\r\n<p>\r\n    <b>Thời gian bảo hành:</b> 36 tháng\r\n</p>'),
(44, 0, 5, 'CPU Intel Core i5 10400', '000044', '4920000', '4428000', 1, 1, 50, 'c4.jpg', 'c4-1.jpg', 'c4-2.jpg', 'c4-3.jpg', '<p>\r\n    <b>Tính năng: </b>\r\n    - GPU tích hợp\r\n    - Tản nhiệt kèm theo\r\n    - Hỗ trợ Siêu phân luồng\r\n    - Hỗ trợ 64-bit\r\n    - Hỗ trợ công nghệ ảo hóa\r\n</p>', '<p>\r\n    <b>Hãng CPU:</b> Intel\r\n</p>\r\n<p>\r\n    <b>Loại CPU:</b> Core i5 - 11400F\r\n</p>\r\n<p>\r\n    <b>Tên thế hệ:</b> Rocket Lake\r\n</p>\r\n<p>\r\n    <b>Socket:</b> LGA 1200\r\n</p>\r\n<p>\r\n    <b>Số nhân:</b> 6\r\n</p>\r\n<p>\r\n    <b>Số luồng:</b> 12\r\n</p>\r\n<p>\r\n    <b>Tốc độ xử lý:</b> Cơ bản 2.6 GHz, Tối đa 4.4 GHz\r\n</p>\r\n<p>\r\n    <b>Cache:</b> 12 MB\r\n</p>\r\n<p>\r\n    <b>TDP:</b> 65 W\r\n</p>\r\n<p>\r\n    <b>Thời gian bảo hành:</b> 36 tháng\r\n</p>'),
(45, 0, 5, 'CPU Intel Core i3-10105F', '000045', '2440000', '2196000', 1, 1, 50, 'c5.jpg', 'c5-1.jpg', 'c5-2.jpg', 'c5-3.jpg', '<p>\r\n    <b>Tính năng: </b>\r\n    - GPU tích hợp\r\n    - Tản nhiệt kèm theo\r\n    - Hỗ trợ Siêu phân luồng\r\n    - Hỗ trợ 64-bit\r\n    - Hỗ trợ công nghệ ảo hóa\r\n</p>', '<p>\r\n    <b>Hãng CPU:</b> Intel\r\n</p>\r\n<p>\r\n    <b>Loại CPU:</b> Core i5 - 11400F\r\n</p>\r\n<p>\r\n    <b>Tên thế hệ:</b> Rocket Lake\r\n</p>\r\n<p>\r\n    <b>Socket:</b> LGA 1200\r\n</p>\r\n<p>\r\n    <b>Số nhân:</b> 6\r\n</p>\r\n<p>\r\n    <b>Số luồng:</b> 12\r\n</p>\r\n<p>\r\n    <b>Tốc độ xử lý:</b> Cơ bản 2.6 GHz, Tối đa 4.4 GHz\r\n</p>\r\n<p>\r\n    <b>Cache:</b> 12 MB\r\n</p>\r\n<p>\r\n    <b>TDP:</b> 65 W\r\n</p>\r\n<p>\r\n    <b>Thời gian bảo hành:</b> 36 tháng\r\n</p>'),
(46, 0, 5, 'CPU Intel Core i5-11400F', '000046', '4570000', '4113000', 1, 1, 50, 'c6.jpg', 'c6-1.jpg', 'c6-2.jpg', 'c1-2.jpg', '<p>\r\n    <b>Tính năng: </b>\r\n    - GPU tích hợp\r\n    - Tản nhiệt kèm theo\r\n    - Hỗ trợ Siêu phân luồng\r\n    - Hỗ trợ 64-bit\r\n    - Hỗ trợ công nghệ ảo hóa\r\n</p>', '<p>\r\n    <b>Hãng CPU:</b> Intel\r\n</p>\r\n<p>\r\n    <b>Loại CPU:</b> Core i5 - 11400F\r\n</p>\r\n<p>\r\n    <b>Tên thế hệ:</b> Rocket Lake\r\n</p>\r\n<p>\r\n    <b>Socket:</b> LGA 1200\r\n</p>\r\n<p>\r\n    <b>Số nhân:</b> 6\r\n</p>\r\n<p>\r\n    <b>Số luồng:</b> 12\r\n</p>\r\n<p>\r\n    <b>Tốc độ xử lý:</b> Cơ bản 2.6 GHz, Tối đa 4.4 GHz\r\n</p>\r\n<p>\r\n    <b>Cache:</b> 12 MB\r\n</p>\r\n<p>\r\n    <b>TDP:</b> 65 W\r\n</p>\r\n<p>\r\n    <b>Thời gian bảo hành:</b> 36 tháng\r\n</p>'),
(47, 0, 5, 'CPU AMD Ryzen 5 3600', '00047', '6020000', '5418000', 1, 1, 50, 'c7.jpg', 'c7-1.jpg', 'c7-2.jpg', 'c4-2.jpg', '<p>\r\n    <b>Tính năng: </b>\r\n    - GPU tích hợp\r\n    - Tản nhiệt kèm theo\r\n    - Hỗ trợ Siêu phân luồng\r\n    - Hỗ trợ 64-bit\r\n    - Hỗ trợ công nghệ ảo hóa\r\n</p>', '<p>\r\n    <b>Hãng CPU:</b> Intel\r\n</p>\r\n<p>\r\n    <b>Loại CPU:</b> Core i5 - 11400F\r\n</p>\r\n<p>\r\n    <b>Tên thế hệ:</b> Rocket Lake\r\n</p>\r\n<p>\r\n    <b>Socket:</b> LGA 1200\r\n</p>\r\n<p>\r\n    <b>Số nhân:</b> 6\r\n</p>\r\n<p>\r\n    <b>Số luồng:</b> 12\r\n</p>\r\n<p>\r\n    <b>Tốc độ xử lý:</b> Cơ bản 2.6 GHz, Tối đa 4.4 GHz\r\n</p>\r\n<p>\r\n    <b>Cache:</b> 12 MB\r\n</p>\r\n<p>\r\n    <b>TDP:</b> 65 W\r\n</p>\r\n<p>\r\n    <b>Thời gian bảo hành:</b> 36 tháng\r\n</p>'),
(48, 0, 5, 'CPU Intel Core i5-10400F', '000048', '4140000', '3726000', 1, 1, 50, 'c8.jpg', 'c8-1.jpg', 'c1-2.jpg', 'c3-1.jpg', '<p>\r\n    <b>Tính năng: </b>\r\n    - GPU tích hợp\r\n    - Tản nhiệt kèm theo\r\n    - Hỗ trợ Siêu phân luồng\r\n    - Hỗ trợ 64-bit\r\n    - Hỗ trợ công nghệ ảo hóa\r\n</p>', '<p>\r\n    <b>Hãng CPU:</b> Intel\r\n</p>\r\n<p>\r\n    <b>Loại CPU:</b> Core i5 - 11400F\r\n</p>\r\n<p>\r\n    <b>Tên thế hệ:</b> Rocket Lake\r\n</p>\r\n<p>\r\n    <b>Socket:</b> LGA 1200\r\n</p>\r\n<p>\r\n    <b>Số nhân:</b> 6\r\n</p>\r\n<p>\r\n    <b>Số luồng:</b> 12\r\n</p>\r\n<p>\r\n    <b>Tốc độ xử lý:</b> Cơ bản 2.6 GHz, Tối đa 4.4 GHz\r\n</p>\r\n<p>\r\n    <b>Cache:</b> 12 MB\r\n</p>\r\n<p>\r\n    <b>TDP:</b> 65 W\r\n</p>\r\n<p>\r\n    <b>Thời gian bảo hành:</b> 36 tháng\r\n</p>'),
(49, 0, 5, 'CPU AMD Ryzen 5 Pro 4650G', '000049', '6670000', '6003000', 1, 1, 50, 'c5-1.jpg', 'c3-1.jpg', 'c5-2.jpg', 'c5-3.jpg', '<p>\r\n    <b>Tính năng: </b>\r\n    - GPU tích hợp\r\n    - Tản nhiệt kèm theo\r\n    - Hỗ trợ Siêu phân luồng\r\n    - Hỗ trợ 64-bit\r\n    - Hỗ trợ công nghệ ảo hóa\r\n</p>', '<p>\r\n    <b>Hãng CPU:</b> Intel\r\n</p>\r\n<p>\r\n    <b>Loại CPU:</b> Core i5 - 11400F\r\n</p>\r\n<p>\r\n    <b>Tên thế hệ:</b> Rocket Lake\r\n</p>\r\n<p>\r\n    <b>Socket:</b> LGA 1200\r\n</p>\r\n<p>\r\n    <b>Số nhân:</b> 6\r\n</p>\r\n<p>\r\n    <b>Số luồng:</b> 12\r\n</p>\r\n<p>\r\n    <b>Tốc độ xử lý:</b> Cơ bản 2.6 GHz, Tối đa 4.4 GHz\r\n</p>\r\n<p>\r\n    <b>Cache:</b> 12 MB\r\n</p>\r\n<p>\r\n    <b>TDP:</b> 65 W\r\n</p>\r\n<p>\r\n    <b>Thời gian bảo hành:</b> 36 tháng\r\n</p>'),
(50, 0, 5, 'CPU AMD Ryzen 3 3300X', '000050', '3650000', '3285000', 1, 1, 50, 'c2-1.jpg', 'c1-1.jpg', 'c3-3.jpg', 'c4-2.jpg', '<p>\r\n    <b>Tính năng: </b>\r\n    - GPU tích hợp\r\n    - Tản nhiệt kèm theo\r\n    - Hỗ trợ Siêu phân luồng\r\n    - Hỗ trợ 64-bit\r\n    - Hỗ trợ công nghệ ảo hóa\r\n</p>', '<p>\r\n    <b>Hãng CPU:</b> Intel\r\n</p>\r\n<p>\r\n    <b>Loại CPU:</b> Core i5 - 11400F\r\n</p>\r\n<p>\r\n    <b>Tên thế hệ:</b> Rocket Lake\r\n</p>\r\n<p>\r\n    <b>Socket:</b> LGA 1200\r\n</p>\r\n<p>\r\n    <b>Số nhân:</b> 6\r\n</p>\r\n<p>\r\n    <b>Số luồng:</b> 12\r\n</p>\r\n<p>\r\n    <b>Tốc độ xử lý:</b> Cơ bản 2.6 GHz, Tối đa 4.4 GHz\r\n</p>\r\n<p>\r\n    <b>Cache:</b> 12 MB\r\n</p>\r\n<p>\r\n    <b>TDP:</b> 65 W\r\n</p>\r\n<p>\r\n    <b>Thời gian bảo hành:</b> 36 tháng\r\n</p>'),
(52, 1, 1, 'Ram A1', '0000122', '1180000', '120000', 0, 0, 100, 'r1.jpg', 'r10-1.jpg', 'r10.jpg', 'r14.jpg', 'C: 16GB Ram', 'RAM A1 là Ram mới ra mắt tại Việt Nam');

-- --------------------------------------------------------

--
-- Table structure for table `tbl_user`
--

CREATE TABLE `tbl_user` (
  `user_id` int(11) NOT NULL,
  `user_fullname` varchar(30) COLLATE utf8mb4_unicode_ci NOT NULL,
  `user_account` varchar(30) COLLATE utf8mb4_unicode_ci NOT NULL,
  `user_phone` varchar(10) COLLATE utf8mb4_unicode_ci NOT NULL,
  `user_email` varchar(70) COLLATE utf8mb4_unicode_ci NOT NULL,
  `user_address` varchar(120) COLLATE utf8mb4_unicode_ci NOT NULL,
  `user_password` varchar(30) COLLATE utf8mb4_unicode_ci NOT NULL
) ENGINE=InnoDB DEFAULT CHARSET=utf8mb4 COLLATE=utf8mb4_unicode_ci;

--
-- Dumping data for table `tbl_user`
--

INSERT INTO `tbl_user` (`user_id`, `user_fullname`, `user_account`, `user_phone`, `user_email`, `user_address`, `user_password`) VALUES
(1, 'Tống Bá Quang Anh', 'quanganh', '0334350166', 'tongbaquanganh2001@gmail.com', 'Thanh Hóa', 'quanganh2001'),
(2, 'Đinh Quang Hưng', 'hungbale', '0334350166', 'quanghung2001@gmail.com', 'Vĩnh Phúc', 'quanganh2001'),
(3, 'Quang Anh', 'tongbaquanganh', '0334350166', 'quanganh2001@gmail.com', 'Thanh Hóa', 'tbqa2001'),
(4, 'Trương Anh Tuấn', 'truonganhtuan', '0334350166', 'truonganhtuan2001@gmail.com', 'Bắc Ninh', 'tbqa2001'),
(5, 'Chu Tuấn', 'chudangtuan', '0334350166', 'chutuan2001@gmail.com', 'Vĩnh Phúc', 'tbqa2001'),
(17, 'Quang Anh TB', 'rd1', 'a', 'quanganhsnake2001@gmail.com', 'Thanh Hóa', '1');

--
-- Indexes for dumped tables
--

--
-- Indexes for table `tbl_admin`
--
ALTER TABLE `tbl_admin`
  ADD PRIMARY KEY (`admin_id`);

--
-- Indexes for table `tbl_category`
--
ALTER TABLE `tbl_category`
  ADD PRIMARY KEY (`category_id`);

--
-- Indexes for table `tbl_contact`
--
ALTER TABLE `tbl_contact`
  ADD PRIMARY KEY (`contact_id`);

--
-- Indexes for table `tbl_diachikh`
--
ALTER TABLE `tbl_diachikh`
  ADD PRIMARY KEY (`khachhang_id`);

--
-- Indexes for table `tbl_giohang`
--
ALTER TABLE `tbl_giohang`
  ADD PRIMARY KEY (`giohang_id`);

--
-- Indexes for table `tbl_homecategory`
--
ALTER TABLE `tbl_homecategory`
  ADD PRIMARY KEY (`homectg_id`);

--
-- Indexes for table `tbl_homepro`
--
ALTER TABLE `tbl_homepro`
  ADD PRIMARY KEY (`homepro_id`);

--
-- Indexes for table `tbl_product`
--
ALTER TABLE `tbl_product`
  ADD PRIMARY KEY (`product_id`);

--
-- Indexes for table `tbl_user`
--
ALTER TABLE `tbl_user`
  ADD PRIMARY KEY (`user_id`);

--
-- AUTO_INCREMENT for dumped tables
--

--
-- AUTO_INCREMENT for table `tbl_admin`
--
ALTER TABLE `tbl_admin`
  MODIFY `admin_id` int(10) NOT NULL AUTO_INCREMENT, AUTO_INCREMENT=3;

--
-- AUTO_INCREMENT for table `tbl_category`
--
ALTER TABLE `tbl_category`
  MODIFY `category_id` int(11) NOT NULL AUTO_INCREMENT, AUTO_INCREMENT=10;

--
-- AUTO_INCREMENT for table `tbl_contact`
--
ALTER TABLE `tbl_contact`
  MODIFY `contact_id` int(10) NOT NULL AUTO_INCREMENT, AUTO_INCREMENT=12;

--
-- AUTO_INCREMENT for table `tbl_diachikh`
--
ALTER TABLE `tbl_diachikh`
  MODIFY `khachhang_id` int(10) NOT NULL AUTO_INCREMENT, AUTO_INCREMENT=15;

--
-- AUTO_INCREMENT for table `tbl_giohang`
--
ALTER TABLE `tbl_giohang`
  MODIFY `giohang_id` int(11) NOT NULL AUTO_INCREMENT, AUTO_INCREMENT=70;

--
-- AUTO_INCREMENT for table `tbl_homecategory`
--
ALTER TABLE `tbl_homecategory`
  MODIFY `homectg_id` int(3) NOT NULL AUTO_INCREMENT, AUTO_INCREMENT=6;

--
-- AUTO_INCREMENT for table `tbl_homepro`
--
ALTER TABLE `tbl_homepro`
  MODIFY `homepro_id` int(11) NOT NULL AUTO_INCREMENT, AUTO_INCREMENT=4;

--
-- AUTO_INCREMENT for table `tbl_product`
--
ALTER TABLE `tbl_product`
  MODIFY `product_id` int(11) NOT NULL AUTO_INCREMENT, AUTO_INCREMENT=54;

--
-- AUTO_INCREMENT for table `tbl_user`
--
ALTER TABLE `tbl_user`
  MODIFY `user_id` int(11) NOT NULL AUTO_INCREMENT, AUTO_INCREMENT=18;
COMMIT;

/*!40101 SET CHARACTER_SET_CLIENT=@OLD_CHARACTER_SET_CLIENT */;
/*!40101 SET CHARACTER_SET_RESULTS=@OLD_CHARACTER_SET_RESULTS */;
/*!40101 SET COLLATION_CONNECTION=@OLD_COLLATION_CONNECTION */;
